Workbook

Sheet Lesehinweise
A1: Regelprüfung GBU EN 81-20 (Fragebogen) – offene Regeln
A2: Regelwerk 81-20-mf-2026.10 · Stand 16.09.2026 · 354 offene Regeln in 95 Gefährdungen, davon 94 Auffangregeln (Kein Risiko), 260 fachliche Regeln und 120 nach dem externen Prüfbericht geänderte Regeln.
A4: Zweite Fassung: Der externe Prüfbericht zur ersten Fassung ist eingearbeitet. Blatt „Prüfbericht“ zeigt je Befund, ob er zutrifft und was geändert wurde; die geänderten Regeln sind in den Bereichsblättern orange markiert (Status „offen – geändert“).
A5: Der Katalog „Bestand nach DIN EN 81-80“ ist aus diesem Katalog abgeleitet – eine Freigabe hier gilt dort automatisch. Das ist zulässig, weil der Generator Regeln, Gefährdungen und Anwendbarkeit dort unverändert übernimmt und bei jeder Abweichung abbricht. Die Kopfzeile nennt die zugehörigen EN-81-80-Punkte bzw. „nicht im Bestandskatalog“.
A6: Dritte Fassung (16.09.2026): Regel-IDs sind jetzt dauerhaft – eine ID bezeichnet immer denselben Sachverhalt; neue Sachverhalte bekommen neue Nummern (deshalb Lücken). Die Prüfliste v2 ist damit überholt, bitte nur diese Datei ausfüllen. „Rev.“ im Status zählt inhaltliche Änderungen seit der ersten Fassung.
A7: Baujahr-Annahmen (Festlegung 07.09., bestätigt 16.09.2026): Ab dem genannten Baujahr gilt ein Ausstattungsmerkmal als vorhanden, solange niemand widerspricht; im Bericht steht dann „angenommen“. Blatt „Fragen“, Spalte „Annahme ab Baujahr“ zeigt, welche Fragen betroffen sind.
A9: So wird entschieden
A10: 1. Je Erhebungsbereich ein Blatt, darin je Gefährdung ein Block. Die blaue Kopfzeile nennt Titel, Faktor, betroffene Personen, Bewertungslogik, wann die Gefährdung überhaupt bewertet wird (Anwendbarkeit), welche Fragen vorher beantwortet sein müssen (Pflichtfragen), EN-81-80-Bezug und Quellen.
A11: 2. Passt der ganze Block: in der Kopfzeile „Freigeben“ wählen – das gilt für alle offenen Regeln der Gefährdung, einschließlich der Auffangregel.
A12: 3. Passt eine einzelne Regel nicht: in ihrer Zeile „Ändern“ oder „Streichen“ wählen und in „Korrektur“ sagen, was gelten soll. Ohne Korrektur wird die Zelle rot. Die Einzelentscheidung geht der Sammelentscheidung vor.
A13: 4. Leer lassen = noch nicht entschieden. Blockweise arbeiten und zwischendurch zurückgeben ist möglich.
A14: 5. Blatt „Prüfbericht“: Bei den offenen Punkten (Spalte „Entscheidung nötig“) bitte Übernehmen / Ablehnen / Später wählen und ggf. kommentieren.
... A27: Rückweg (technisch): python3 apply_mf_regelpruefung.py → python3 gen_mf_catalog.py → python3 gen_en8180_catalog.py → App-Assets erneuern → Engine neu seeden. Freigaben sind an den Regelinhalt gebunden: Wird eine Regel später geändert, fällt sie automatisch wieder auf „offen“.

Sheet Übersicht
A1: Erhebungsbereich | B1: Blatt | C1: Gefährdungen | D1: offene Regeln | E1: davon Auffang | F1: davon geändert (Prüfbericht) | G1: entschieden | H1: Freigeben | I1: Ändern | J1: Streichen | K1: Korrektur fehlt | L1: Fortschritt | M1: fachlich freigabereif
A2: Z – Zugang zum Triebwerks-/Steuerungsraum | B2: Z Zugang | C2: 9 | D2: 35 | E2: 9 | F2: 7 | G2: =COUNTIF('Z Zugang'!$L$2:$L$49,"?*") -> 0 | H2: =COUNTIF('Z Zugang'!$L$2:$L$49,"Freigeben") -> 0 | I2: =COUNTIF('Z Zugang'!$L$2:$L$49,"Ändern") -> 0 | J2: =COUNTIF('Z Zugang'!$L$2:$L$49,"Streichen") -> 0 | K2: =COUNTIFS('Z Zugang'!$J$2:$J$49,"Ändern",'Z Zugang'!$K$2:$K$49,"")+COUNTIFS('Z Zugang'!$J$2:$J$49,"Streichen",'Z Zugang'!$K$2:$K$49,"") -> 0 | L2: =IF(D2=0,"",G2/D2) -> 0 | M2: =IF(AND(H2=D2,K2=0),"ja","nein") -> nein
A3: M – Triebwerks-/Maschinenraum und Steuerung | B3: M Triebwerksraum | C3: 20 | D3: 74 | E3: 20 | F3: 9 | G3: =COUNTIF('M Triebwerksraum'!$L$2:$L$98,"?*") -> 0 | H3: =COUNTIF('M Triebwerksraum'!$L$2:$L$98,"Freigeben") -> 0 | I3: =COUNTIF('M Triebwerksraum'!$L$2:$L$98,"Ändern") -> 0 | J3: =COUNTIF('M Triebwerksraum'!$L$2:$L$98,"Streichen") -> 0 | K3: =COUNTIFS('M Triebwerksraum'!$J$2:$J$98,"Ändern",'M Triebwerksraum'!$K$2:$K$98,"")+COUNTIFS('M Triebwerksraum'!$J$2:$J$98,"Streichen",'M Triebwerksraum'!$K$2:$K$98,"") -> 0 | L3: =IF(D3=0,"",G3/D3) -> 0 | M3: =IF(AND(H3=D3,K3=0),"ja","nein") -> nein
A4: T – Schachttüren und Fahrkorbtür | B4: T Türen | C4: 6 | D4: 27 | E4: 6 | F4: 15 | G4: =COUNTIF('T Türen'!$L$2:$L$36,"?*") -> 0 | H4: =COUNTIF('T Türen'!$L$2:$L$36,"Freigeben") -> 0 | I4: =COUNTIF('T Türen'!$L$2:$L$36,"Ändern") -> 0 | J4: =COUNTIF('T Türen'!$L$2:$L$36,"Streichen") -> 0 | K4: =COUNTIFS('T Türen'!$J$2:$J$36,"Ändern",'T Türen'!$K$2:$K$36,"")+COUNTIFS('T Türen'!$J$2:$J$36,"Streichen",'T Türen'!$K$2:$K$36,"") -> 0 | L4: =IF(D4=0,"",G4/D4) -> 0 | M4: =IF(AND(H4=D4,K4=0),"ja","nein") -> nein
A5: K – Fahrkorb | B5: K Fahrkorb | C5: 14 | D5: 54 | E5: 14 | F5: 19 | G5: =COUNTIF('K Fahrkorb'!$L$2:$L$70,"?*") -> 0 | H5: =COUNTIF('K Fahrkorb'!$L$2:$L$70,"Freigeben") -> 0 | I5: =COUNTIF('K Fahrkorb'!$L$2:$L$70,"Ändern") -> 0 | J5: =COUNTIF('K Fahrkorb'!$L$2:$L$70,"Streichen") -> 0 | K5: =COUNTIFS('K Fahrkorb'!$J$2:$J$70,"Ändern",'K Fahrkorb'!$K$2:$K$70,"")+COUNTIFS('K Fahrkorb'!$J$2:$J$70,"Streichen",'K Fahrkorb'!$K$2:$K$70,"") -> 0 | L5: =IF(D5=0,"",G5/D5) -> 0 | M5: =IF(AND(H5=D5,K5=0),"ja","nein") -> nein
A6: F – Fahrkorbdach und Schachtkopf | B6: F Fahrkorbdach | C6: 9 | D6: 34 | E6: 9 | F6: 15 | G6: =COUNTIF('F Fahrkorbdach'!$L$2:$L$47,"?*") -> 0 | H6: =COUNTIF('F Fahrkorbdach'!$L$2:$L$47,"Freigeben") -> 0 | I6: =COUNTIF('F Fahrkorbdach'!$L$2:$L$47,"Ändern") -> 0 | J6: =COUNTIF('F Fahrkorbdach'!$L$2:$L$47,"Streichen") -> 0 | K6: =COUNTIFS('F Fahrkorbdach'!$J$2:$J$47,"Ändern",'F Fahrkorbdach'!$K$2:$K$47,"")+COUNTIFS('F Fahrkorbdach'!$J$2:$J$47,"Streichen",'F Fahrkorbdach'!$K$2:$K$47,"") -> 0 | L6: =IF(D6=0,"",G6/D6) -> 0 | M6: =IF(AND(H6=D6,K6=0),"ja","nein") -> nein
A7: S – Schacht | B7: S Schacht | C7: 7 | D7: 25 | E7: 7 | F7: 4 | G7: =COUNTIF('S Schacht'!$L$2:$L$35,"?*") -> 0 | H7: =COUNTIF('S Schacht'!$L$2:$L$35,"Freigeben") -> 0 | I7: =COUNTIF('S Schacht'!$L$2:$L$35,"Ändern") -> 0 | J7: =COUNTIF('S Schacht'!$L$2:$L$35,"Streichen") -> 0 | K7: =COUNTIFS('S Schacht'!$J$2:$J$35,"Ändern",'S Schacht'!$K$2:$K$35,"")+COUNTIFS('S Schacht'!$J$2:$J$35,"Streichen",'S Schacht'!$K$2:$K$35,"") -> 0 | L7: =IF(D7=0,"",G7/D7) -> 0 | M7: =IF(AND(H7=D7,K7=0),"ja","nein") -> nein
A8: G – Schachtgrube | B8: G Schachtgrube | C8: 8 | D8: 34 | E8: 8 | F8: 10 | G8: =COUNTIF('G Schachtgrube'!$L$2:$L$46,"?*") -> 0 | H8: =COUNTIF('G Schachtgrube'!$L$2:$L$46,"Freigeben") -> 0 | I8: =COUNTIF('G Schachtgrube'!$L$2:$L$46,"Ändern") -> 0 | J8: =COUNTIF('G Schachtgrube'!$L$2:$L$46,"Streichen") -> 0 | K8: =COUNTIFS('G Schachtgrube'!$J$2:$J$46,"Ändern",'G Schachtgrube'!$K$2:$K$46,"")+COUNTIFS('G Schachtgrube'!$J$2:$J$46,"Streichen",'G Schachtgrube'!$K$2:$K$46,"") -> 0 | L8: =IF(D8=0,"",G8/D8) -> 0 | M8: =IF(AND(H8=D8,K8=0),"ja","nein") -> nein
A9: U – Umfeld, Gebäude und Nutzung | B9: U Umfeld | C9: 15 | D9: 54 | E9: 15 | F9: 33 | G9: =COUNTIF('U Umfeld'!$L$2:$L$75,"?*") -> 0 | H9: =COUNTIF('U Umfeld'!$L$2:$L$75,"Freigeben") -> 0 | I9: =COUNTIF('U Umfeld'!$L$2:$L$75,"Ändern") -> 0 | J9: =COUNTIF('U Umfeld'!$L$2:$L$75,"Streichen") -> 0 | K9: =COUNTIFS('U Umfeld'!$J$2:$J$75,"Ändern",'U Umfeld'!$K$2:$K$75,"")+COUNTIFS('U Umfeld'!$J$2:$J$75,"Streichen",'U Umfeld'!$K$2:$K$75,"") -> 0 | L9: =IF(D9=0,"",G9/D9) -> 0 | M9: =IF(AND(H9=D9,K9=0),"ja","nein") -> nein
A10: SF – Sonderfunktionen | B10: SF Sonderfunktionen | C10: 1 | D10: 1 | E10: 1 | F10: 0 | G10: =COUNTIF('SF Sonderfunktionen'!$L$2:$L$13,"?*") -> 0 | H10: =COUNTIF('SF Sonderfunktionen'!$L$2:$L$13,"Freigeben") -> 0 | I10: =COUNTIF('SF Sonderfunktionen'!$L$2:$L$13,"Ändern") -> 0 | J10: =COUNTIF('SF Sonderfunktionen'!$L$2:$L$13,"Streichen") -> 0 | K10: =COUNTIFS('SF Sonderfunktionen'!$J$2:$J$13,"Ändern",'SF Sonderfunktionen'!$K$2:$K$13,"")+COUNTIFS('SF Sonderfunktionen'!$J$2:$J$13,"Streichen",'SF Sonderfunktionen'!$K$2:$K$13,"") -> 0 | L10: =IF(D10=0,"",G10/D10) -> 0 | M10: =IF(AND(H10=D10,K10=0),"ja","nein") -> nein
A11: D – Unterlagen und Betreiberorganisation | B11: D Unterlagen | C11: 6 | D11: 16 | E11: 5 | F11: 8 | G11: =COUNTIF('D Unterlagen'!$L$2:$L$31,"?*") -> 0 | H11: =COUNTIF('D Unterlagen'!$L$2:$L$31,"Freigeben") -> 0 | I11: =COUNTIF('D Unterlagen'!$L$2:$L$31,"Ändern") -> 0 | J11: =COUNTIF('D Unterlagen'!$L$2:$L$31,"Streichen") -> 0 | K11: =COUNTIFS('D Unterlagen'!$J$2:$J$31,"Ändern",'D Unterlagen'!$K$2:$K$31,"")+COUNTIFS('D Unterlagen'!$J$2:$J$31,"Streichen",'D Unterlagen'!$K$2:$K$31,"") -> 0 | L11: =IF(D11=0,"",G11/D11) -> 0 | M11: =IF(AND(H11=D11,K11=0),"ja","nein") -> nein
A12: Summe | C12: =SUM(C2:C11) -> 95 | D12: =SUM(D2:D11) -> 354 | E12: =SUM(E2:E11) -> 94 | F12: =SUM(F2:F11) -> 120 | G12: =SUM(G2:G11) -> 0 | H12: =SUM(H2:H11) -> 0 | I12: =SUM(I2:I11) -> 0 | J12: =SUM(J2:J11) -> 0 | K12: =SUM(K2:K11) -> 0 | L12: =IF(D12=0,"",G12/D12) -> 0 | M12: =IF(AND(H12=D12,K12=0),"ja","nein") -> nein
A14: „entschieden“ zählt jede offene Regel mit wirksamer Entscheidung – der eigenen oder der Sammelfreigabe ihrer Gefährdung. „fachlich freigabereif“ = jede offene Regel ist freigegeben und keine Korrektur fehlt; „Ändern“/„Streichen“ bleiben offen, bis der Katalog angepasst und erneut vorgelegt ist.

Sheet Prüfbericht
A1: ID | B1: Priorität | C1: Bereich / Regeln | D1: Bewertung | E1: Begründung / Beleg | F1: Umsetzung | G1: Entscheidung nötig | H1: Deine Entscheidung | I1: Kommentar
A2: Runde 1 – externer Prüfbericht vom 15.09.2026 (Stand der Umsetzung 16.09.2026)
A3: B01 | B3: Kritisch | C3: Anwendbarkeit / Gates | D3: teilweise | E3: Der Katalog hat Anwendbarkeitsfilter (Aufzugsart, Antrieb, Maschinen- und Rollenraum, gemeinsamer Schacht, Gegengewicht, BMA/RWA/Sprinkler/Brandfallsteuerung, Feuerwehraufzug, Nutzung durch mobilitätseingeschränkte Personen) und Sichtbarkeitsregeln. Die alte Prüfliste hat sie nicht angezeigt. | F3: Übernommen (Empfehlung 16.09.): Antwort „nicht anwendbar“ mit Begründung, getrennt von „unbekannt“ – kommt mit der App-Runde (Antwortmodell).
A4: B02 | B4: Kritisch | C4: Referenzintegrität | D4: bestätigt | E4: Blatt „Fragen“ enthielt nur die Fragen der offenen Regeln. | F4: Behoben: Das Blatt enthält alle Fragen der gezeigten Gefährdungen mit Sichtbarkeit und Pflicht.
A5: B03 | B5: Kritisch | C5: MF-G07 | D5: bestätigt | E5: TRBS 3121 Anh. 1 Nr. 2: 2 m über Schachtgrubensohle; die 2,50 m über der untersten Haltestelle gehören zu Nr. 3 (Nachbaraufzug). | F5: Korrigiert: MF-G07-R1 (Maß), MF-G07-R4 (Warnhinweis als organisatorische Maßnahme).
A6: B04 | B6: Kritisch | C6: MF-G04 | D6: bestätigt | E6: TRBS 3121 Anh. 1 Nr. 6: Risiko hoch bei TRA-200-Anlagen bis Baujahr 1992 (Abstiegseinrichtung erst ab 1,5 m Grubentiefe gefordert), niedrig bei TRA 200 ab 1992 und EN 81-1/2. | F6: Umgesetzt 16.09. nach Empfehlung: zuerst die Zugangsart (11.7 separate Grubenzugangstür), Leiterfragen nur bei Zugang über Leiter. Keine pauschale Baujahr-Korrektur.
A7: B05 | B7: Kritisch | C7: MF-S01 | D7: bestätigt | E7: TRBS 3121 Anh. 1 Nr. 8: mind. 50 lx im Arbeitsbereich auf dem Fahrkorbdach und in der Grube; Risiko niedrig, wenn TRA 200 / EN 81-1/2 erfüllt. | F7: Korrigiert: Frage 10.1a auf 50 lx über dem Fahrkorbdach; neue Frage 10.1c (Altnorm erfüllt → Niedrig). Die Grube hatte 50 lx bereits (11.2a).
A8: B06 | B8: Kritisch | C8: MF-T04 | D8: bestätigt | E8: Bei „Höchste Stufe“ hat die Nicht-VSG-Regel die Drahtglas-Regel immer übersteuert. | F8: Korrigiert: MF-T04-R1 nimmt Drahtglas aus; neue Frage 7.8a und Regel für beschädigtes/loses Glas; 7.8 fragt nur noch die Glasart.
A9: B07 | B9: Kritisch | C9: MF-T06 | D9: bestätigt | E9: TRBS 3121 Anh. 1 Nr. 14 c): Lichtgitter statt Fahrkorbtür nur bei Lastenaufzügen mit ausschließlich eingewiesenem Nutzerkreis. | F9: Korrigiert: Mittel nur bei Nutzungsart Lastenaufzug und Frage 8.9b = Ja; sonst neue Regel Hoch.
A10: B08 | B10: Kritisch | C10: MF-K05 | D10: teilweise | E10: TRBS 3121 Anh. 1 Nr. 19 nennt die Maßnahmen als Alternativen und für Altanlagen niedrig bis mittel je nach Nutzerkreis. Die Verschärfung (beide Verriegelungen) ist deine Entscheidung K-K04 vom 02.09.2026. | F10: Umgesetzt 16.09.: TRBS-Alternative (eine Verriegelung) = Niedrig; ohne Maßnahme Mittel; Hoch nur bei Kindern und als EIGENER STANDARD gekennzeichnet; Kein Risiko weiter nur mit beiden (K-K04).
A11: B09 | B11: Kritisch | C11: Gebäudeschnittstellen | D11: nicht zutreffend | E11: MF-K08 (4.11 Brandfallsteuerung gefordert), MF-U09 (BMA vorhanden), MF-U10 (Entrauchung vorhanden), MF-U11 (Sprinkler vorhanden) und MF-SF01 (Feuerwehraufzug) haben Anwendbarkeitsfilter. Die alte Prüfliste hat sie nur nicht angezeigt. | F11: Filter sind jetzt in der Kopfzeile sichtbar.
A12: B10 | B12: Kritisch | C12: MF-K10 | D12: teilweise | E12: Der Filter 4.9 (Nutzung durch mobilitätseingeschränkte Personen) existiert. Eine Anforderung aus Genehmigung/Nutzung wird nicht abgefragt; das Maß 1,00 × 1,25 m ist fest vorgegeben. | F12: Umgesetzt 16.09.: neue Frage 4.9a „barrierefreie Ausführung gefordert“ löst die Prüfung ebenfalls aus; Maß mit Fahrkorbtyp und Normausgabe.
A13: B11 | B13: Kritisch | C13: F02/F05/F07/M10/S05 | D13: bestätigt | E13: Unwirksame oder widersprüchliche Maßnahmen. | F13: Korrigiert: MF-F02-R1/R2, MF-F05-R2, MF-F07-R1, MF-M10-R2 (inkl. Schreibfehler), MF-S05-R2.
A14: B12 | B14: Kritisch | C14: MF-M13 | D14: bestätigt | E14: Bei fehlendem Absperrventil wurde nur Zugänglichkeit/Kennzeichnung verlangt. | F14: Korrigiert: MF-M13-R4 verlangt den Einbau; bis dahin gesicherter Fahrkorb.
... A27: H11 | B27: Hoch | C27: Maßnahmenlücken | D27: bestätigt | E27: 10 Regeln ohne Sofort- oder Folgemaßnahme; die eigene Vorprüfung hatte nur eine gefunden. | F27: Korrigiert; der Smoke-Test prüft das künftig für den ganzen Katalog.
A28: H12 | B28: Hoch | C28: T/O-Kennzeichnung | D28: bestätigt | E28: Systematische Ursache: Die Art hing an der Zeitlage (sofort = O, mittelfristig = T). | F28: Umgesetzt: Art aus dem Inhalt, gemischte eigene Texte bereinigt. „P“ (personenbezogen) kommt mit der App-Runde (Schema, Datenbank, App). Bitte Blatt „Maßnahmenarten“ gegenlesen. | G28: ja
A29: H13 | B29: Hoch | C29: Quellenstand | D29: bestätigt | E29: Die geltende TRBS 3121 (GMBl 2025 S. 691) gliedert den Haupttext nur bis Abschnitt 3. | F29: Korrigiert: Z09 → 3.1.3/3.7.3, M15 → 3.7.3, D01 → 3.6/3.2 Nr. 6, D03 → 3.4.1, D05 → 3.3, U12 → 3.4.2.
A30: H14 | B30: Hoch | C30: Formelwerte | D30: bestätigt | E30: Formeln ohne gespeicherte Ergebnisse. | F30: Behoben: Die Datei wird vor der Ausgabe neu berechnet.
A31: H15 | B31: Hoch | C31: MF-F04 | D31: bestätigt | E31: Die Schutzeinrichtung wirkt, es fehlt nur die Kennzeichnung. | F31: Korrigiert: MF-F04-R2 Mittel statt Hoch.
A32: H16 | B32: Hoch | C32: MF-K11 | D32: bestätigt | E32: Videoüberwachung als pauschale Abhilfe. | F32: Korrigiert: MF-K11-R3 nach DIN EN 81-71; weitere Maßnahmen nach Ursachenanalyse.
A33: M01 | B33: Mittel | C33: Hilfetexte | D33: bestätigt | E33: Nur 20 von 289 Fragen haben einen Hilfetext. | F33: Teilweise umgesetzt 16.09.: 37 sicherheitskritische Fragen haben jetzt einen Prüfhinweis (65 von 294 insgesamt). Rest folgt.
A34: M02 | B34: Mittel | C34: Ergebnisdokumentation | D34: teilweise | E34: Die App führt Maßnahmen je Befund mit Verfolgung; das Restrisiko fehlt (siehe B14). | F34: Siehe B14.
A35: M03 | B35: Mittel | C35: Normrückverfolgung | D35: teilweise | E35: Die EN-81-80-Zuordnung liegt je Punkt vor (en8180_map, GBU_EN8180_Zuordnung.xlsx); die Prüfliste zeigte nur ja/nein. | F35: Behoben: Die Kopfzeile nennt die EN-81-80-Punkte mit Abschnitt.
A36: M04 | B36: Mittel | C36: Schreibfehler | D36: bestätigt | E36: „Motrorregelung“, „Machinenrahmen“, „nachrüste“, „Eignung ,“. | F36: Korrigiert (zentrale Textkorrektur beim Einlesen der App-Maßnahmen).
A37: M05 | B37: Mittel | C37: Blattschutz | D37: bestätigt | E37: Blätter ungeschützt. | F37: Behoben: Blattschutz ohne Kennwort; nur Entscheidungs- und Korrekturzellen sind offen, Filter bleiben nutzbar.
A38: N01 | B38: Niedrig | C38: Darstellung | D38: teilweise | E38: Sehr textdicht. | F38: Teilweise: Geänderte Regeln sind farbig markiert und filterbar (Status „offen – geändert“).
A39: Runde 2 – zweite Prüfung vom 16.09.2026
A40: P2-1 | B40: Hoch | C40: MF-T06 | D40: bestätigt | E40: Scherengitter-Regel (Prio 200) verdrängte die Hoch-Regel für Ersatzlösungen ohne Voraussetzung; „keine Schließkantensicherung“ war bei mobilitätseingeschränkten Nutzern günstiger als die Einzel-Lichtschranke. | F40: Umgesetzt: Licht- und Scherengitter laufen über dieselbe Voraussetzung (Lastenaufzug, nur Eingewiesene), sonst Hoch; neue Regel „keine Schließkantensicherung + PmeM = Hoch“; Maßnahme in R1 begrenzt. Ein Monotonie-Test prüft, dass weniger Schutz nie günstiger bewertet wird.
A41: P2-2 | B41: Hoch | C41: Baujahr-Annahmen | D41: teilweise | E41: Ein Baujahr begründet eine Erwartung, keinen Nachweis. | F41: Entscheidung Arne 16.09.2026: Annahmen bleiben wie am 07.09. festgelegt (widerlegbar, im Bericht als „angenommen“ ausgewiesen). Behoben: 1.24 Baujahr und 1.29 Konformitätsnachweis stehen jetzt im Blatt „Fragen“, dazu je Frage die Annahme.
A42: P2-3 | B42: Hoch | C42: K02 / U06 / F03 / G08 / 8.4 | D42: bestätigt | E42: Risikominderung ohne nachgewiesene Schutzwirkung. | F42: Umgesetzt: K02 beleuchteter Taster = Niedrig statt Kein Risiko; U06 neue Frage 15.25b (Ex-Schutz umgesetzt und geprüft), sonst Hoch; F03/G08 neue Fragen 9.6b/11.14b (Abschaltung geprüft), sonst Mittel. 8.4 ist bewusst nur Dokumentation (für den Cyber-Fragebogen) und jetzt so beschriftet.
A43: P2-4 | B43: Hoch | C43: MF-G04 / MF-T04 | D43: bestätigt | E43: Leiter wurde auch bei ebenerdigem Grubenzugang bewertet; Einzugsschutz für Schiebetüren auch bei Drehtüren abgefragt. | F43: Umgesetzt: Zugangsart zuerst (11.7), Leiter nur bei Leiterzugang; neue Frage 7.9a (kraftbetätigte Schiebetür), Einzugsschutz nur dann.
A44: P2-5 | B44: Hoch | C44: MF-M08 / MF-K13 / MF-K14 / MF-K12 | D44: bestätigt | E44: Indirekte Hydraulikaufzüge wurden wie Treibscheibenaufzüge behandelt; „SR-Modul ausbauen“ ist keine Standardalternative. | F44: Umgesetzt: Betriebsbremse, Wellenlagerung und Sturz nach oben nur bei Treibscheiben-/Trommelantrieb; K12-R1-Maßnahme mit anlagenspezifischer Prüfung.
A45: P2-6 | B45: Hoch | C45: Regelkennungen | D45: bestätigt | E45: Zwischen v1 und v2 wurden Codes neu belegt (z. B. MF-T04-R3). | F45: Umgesetzt: Regel-IDs hängen jetzt am Sachverhalt (Bedingung + Anwendbarkeit) und werden nie neu vergeben (mf_content/regel_ids.json, Basis v1). Revision je Regel; die Freigabe ist zusätzlich an Gefährdungslogik, abhängige Fragen und Maßnahmentexte gebunden. Die Prüfliste v2 ist damit überholt.
A46: P2-7 | B46: Mittel | C46: Bestandskatalog | D46: bestätigt | E46: 13 Gefährdungen fehlten im Bestandskatalog. | F46: Entscheidung Arne 16.09.2026: K12, K14 (TRBS 3121 Nr. 16) und die Betreiberpflichten Z01, Z04, Z05, Z06, Z08, Z09, M16, M19, S06, F08 aufgenommen; F02 bleibt als reiner EN-81-20-Konstruktionspunkt draußen. Die Freigabe gilt weiter für beide Kataloge, weil der Generator identische Regeln, Gefährdungen und Anwendbarkeit erzwingt.
A47: P2-8 | B47: Mittel | C47: Maßnahmen präzisieren | D47: teilweise | E47: „Vorsicht“ ist keine Schutzmaßnahme; Verantwortlichkeit, Termin und Wirksamkeitsnachweis fehlen. | F47: Umgesetzt: 12 unkonkrete Sofortmaßnahmen ersetzt. Verantwortlich, Frist und Wirksamkeit gehören an den Befund in der App (Maßnahmenverfolgung) – App-Runde.
A48: P2-9 | B48: Mittel | C48: T/O/P | D48: teilweise | E48: Gemischte Maßnahmen, P fehlt. | F48: Eigene gemischte Texte (Leuchten + Schutzhelm) bereinigt; P kommt mit der App-Runde.
A49: P2-10 | B49: Mittel | C49: Hilfetexte | D49: bestätigt | E49: Nur wenige Fragen mit echtem Prüfhinweis. | F49: 37 sicherheitskritische Fragen ergänzt (Prüfmethode, Abgrenzung, Nachweis) – bitte im Blatt „Fragen“ gegenlesen. | G49: ja
A50: P2-11 | B50: Niedrig | C50: Freigabereife | D50: bestätigt | E50: 100 % entschieden ist nicht gleich freigabereif. | F50: Übersicht hat die Spalte „freigabereif“ (alles entschieden, alles Freigeben, keine fehlende Korrektur).

Sheet Z Zugang
A1: Art | B1: Code | C1: Prio | D1: Gefährdung / Bedingung | E1: Stufe | F1: Sofortmaßnahme | G1: Mittelfristige Maßnahme | H1: Hinweis / Quelle | I1: Status | J1: Entscheidung | K1: Korrektur | L1: wirksam
A2: Gefährdung | B2: MF-Z01 | D2: Unzureichende Beleuchtung an den Zuwegen zum Triebwerks-/Steuerungsraum Faktor: Gefährdung durch Arbeitsumgebungsbedingungen (unzureichende Beleuchtung) Betroffen: Beauftragte Person, Wartungspersonal Bewertungslogik: Höchste Stufe – alle zutreffenden Regeln zählen, maßgeblich ist die HÖCHSTE STUFE; Maßnahmen aller Treffer werden übernommen. Bewertet, wenn: immer Pflichtfragen: 5.1, 5.2 (wenn [5.1] = Ja), 5.2a (wenn [5.2] = Nein) | H2: EN 81-80: im Bestandskatalog (organisatorisch) ASR A3.4 | I2: 4 von 4 offen
A3: Regel | B3: MF-Z01-R1 | C3: 100 | D3: [5.1 Beleuchtung an den Zuwegen zum Triebwerks-/Steuerungsraum vorhanden?] = Nein | E3: Hoch | F3: • Handlampe benutzen [O] | G3: • Geeignete Leuchten nachrüsten [T] | I3: offen | L3: =IF(J3<>"",J3,IF($J$2="Freigeben","Freigeben",""))
A4: Regel | B4: MF-Z01-R2 | C4: 100 | D4: [5.2 Beleuchtung an den Zuwegen ausreichend (mind. 50 Lux, funktionsfähig, Leuchten an geeigneter Stelle)?] = Nein | E4: Mittel | F4: • Handlampe benutzen [O] | G4: • Leuchten versetzen [T] | I4: offen | L4: =IF(J4<>"",J4,IF($J$2="Freigeben","Freigeben",""))
A5: Regel | B5: MF-Z01-R3 | C5: 100 | D5: [5.2a Defekte Leuchten oder Leuchtkörper an den Zuwegen?] = Ja | E5: Mittel | F5: • Defekte Leuchten umgehend instand setzen [T] | G5: • Beleuchtung der Zuwege dauerhaft instand halten (Prüfintervall festlegen) [O] | H5: Evidenz: abgeleitet | I5: offen | L5: =IF(J5<>"",J5,IF($J$2="Freigeben","Freigeben",""))
A6: Regel | B6: MF-Z01-R4 | C6: 1 | D6: [5.1 Beleuchtung an den Zuwegen zum Triebwerks-/Steuerungsraum vorhanden?] ist beantwortet | E6: Kein Risiko | F6: • Zustand erhalten; bei der wiederkehrenden Prüfung und der Betreiberkontrolle erneut prüfen [O] | H6: Auffangregel (Mechanik): greift, wenn keine Mangelregel zutrifft und alle Pflichtfragen beantwortet sind. | I6: offen (Auffang) | L6: =IF(J6<>"",J6,IF($J$2="Freigeben","Freigeben",""))
A7: Gefährdung | B7: MF-Z02 | D7: Unsicherer Verkehrsweg zum Triebwerks-/Steuerungsraum (Rutschen, Stolpern, Enge) Faktor: Mechanische Gefährdung durch Stolpern, Rutschen, Stürzen Betroffen: Beauftragte Person, Wartungspersonal Bewertungslogik: Höchste Stufe – alle zutreffenden Regeln zählen, maßgeblich ist die HÖCHSTE STUFE; Maßnahmen aller Treffer werden übernommen. Bewertet, wenn: immer Pflichtfragen: 5.3, 5.3a (wenn [5.3] = Nein), 5.3b (wenn [5.3] = Nein) | H7: EN 81-80: Nr. 19 (5.6.1) DIN EN 81-20 5.2.2.1 | I7: 4 von 4 offen
A8: Regel | B8: MF-Z02-R1 | C8: 100 | D8: [5.3 Sicherer, freier Verkehrsweg zum Triebwerks-/Steuerungsraum (trocken, sauber, ohne Stolperstellen)?] = Nein | E8: Mittel | F8: • Verkehrsweg vor dem Begehen prüfen, Stolper- und Rutschstellen kennzeichnen; rutschhemmendes Schuhwerk tragen [O] | G8: • Bodenbelag prüfen und häufig reinigen [O] | H8: [Prüfbericht 16.09.2026: konkrete Sofortmaßnahme statt „Vorsicht“] | I8: offen – geändert (Rev. 3) | L8: =IF(J8<>"",J8,IF($J$7="Freigeben","Freigeben",""))
A9: Regel | B9: MF-Z02-R3 | C9: 100 | D9: [5.3a Verkehrsweg rutschig, glatt oder verschmutzt?] = Ja | E9: Mittel | F9: • Rutschstellen kennzeichnen und reinigen lassen; rutschhemmendes Schuhwerk tragen [O] | G9: • Rutschhemmenden Bodenbelag herstellen bzw. Ursache der Verschmutzung/Nässe beseitigen [T] | H9: Prüfbericht 20.09.2026: Folgefrage mit eigener Maßnahme statt optionaler Frage ohne Wirkung. | I9: offen | L9: =IF(J9<>"",J9,IF($J$7="Freigeben","Freigeben",""))
A10: Regel | B10: MF-Z02-R4 | C10: 100 | D10: [5.3b Stolperstellen auf dem Verkehrsweg?] = Ja | E10: Mittel | F10: • Stolperstellen kennzeichnen (Warnmarkierung) und Beschäftigte hinweisen [O] | G10: • Stolperstellen beseitigen (Schwellen, Kabel, Bodenschäden) oder dauerhaft sichern [T] | H10: Prüfbericht 20.09.2026: Folgefrage mit eigener Maßnahme statt optionaler Frage ohne Wirkung. | I10: offen | L10: =IF(J10<>"",J10,IF($J$7="Freigeben","Freigeben",""))
A11: Regel | B11: MF-Z02-R2 | C11: 1 | D11: [5.3 Sicherer, freier Verkehrsweg zum Triebwerks-/Steuerungsraum (trocken, sauber, ohne Stolperstellen)?] ist beantwortet | E11: Kein Risiko | F11: • Zustand erhalten; bei der wiederkehrenden Prüfung und der Betreiberkontrolle erneut prüfen [O] | H11: Auffangregel (Mechanik): greift, wenn keine Mangelregel zutrifft und alle Pflichtfragen beantwortet sind. | I11: offen (Auffang) | L11: =IF(J11<>"",J11,IF($J$7="Freigeben","Freigeben",""))
A12: Gefährdung | B12: MF-Z03 | D12: Unsicherer Aufstieg (Treppe, Leiter) zum Triebwerksraum Faktor: Mechanische Gefährdung durch Absturz Betroffen: Beauftragte Person, Wartungspersonal Bewertungslogik: Höchste Stufe – alle zutreffenden Regeln zählen, maßgeblich ist die HÖCHSTE STUFE; Maßnahmen aller Treffer werden übernommen. Bewertet, wenn: [4.7 Eigener Triebwerks-/Maschinenraum vorhanden?] = Ja Pflichtfragen: 5.5, 5.6 (wenn [5.5] ≠ „Ebenerdig / kein Aufstieg nötig") | H12: EN 81-80: Nr. 19 (5.6.1) DIN EN 81-20 5.2.2.2 ASR A1.8 | I12: 6 von 6 offen
A13: Regel | B13: MF-Z03-R1 | C13: 100 | D13: [5.5 Art des Aufstiegs zum Triebwerksraum] = „Treppe ohne Handlauf" | E13: Mittel | F13: • Aufstieg nur mit freien Händen (Dreipunktkontakt); Werkzeug und Material getrennt hochreichen; Betreiber zur Instandsetzung auffordern [O] | G13: • Handlauf nachrüsten [T] | H13: [Prüfbericht 16.09.2026: konkrete Sofortmaßnahme statt „Vorsicht“] | I13: offen – geändert (Rev. 3) | L13: =IF(J13<>"",J13,IF($J$12="Freigeben","Freigeben",""))
A14: Regel | B14: MF-Z03-R2 | C14: 100 | D14: [5.5 Art des Aufstiegs zum Triebwerksraum] = „Zug-/Klapptreppe nicht sicherheitsgerecht" | E14: Mittel | F14: • Aufstieg nur mit freien Händen (Dreipunktkontakt); Werkzeug und Material getrennt hochreichen; Betreiber zur Instandsetzung auffordern [O] | G14: • Treppe erneuern [T] | H14: [Prüfbericht 16.09.2026: konkrete Sofortmaßnahme statt „Vorsicht“] | I14: offen – geändert (Rev. 3) | L14: =IF(J14<>"",J14,IF($J$12="Freigeben","Freigeben",""))
A15: Regel | B15: MF-Z03-R3 | C15: 100 | D15: [5.5 Art des Aufstiegs zum Triebwerksraum] = „Nur mobile Leiter / Anlegeleiter" | E15: Hoch | F15: • Leiter gegen Wegrutschen sichern, nur zu zweit benutzen [O] | G15: • Fest angebrachte Steigleiter mit Haltegriffen oder Treppe herstellen [T] | H15: Entschieden 2026-09-02: K-Z04. [Freigabe bezog sich auf einen früheren Stand (Regel, abhängige Fragen oder Gefährdungslogik geändert) – neu prüfen] Evidenz: abgeleitet | I15: offen – geändert (Rev. 2) | L15: =IF(J15<>"",J15,IF($J$12="Freigeben","Freigeben",""))
A16: Regel | B16: MF-Z03-R4 | C16: 100 | D16: [5.5 Art des Aufstiegs zum Triebwerksraum] = „Kein sicherer Aufstieg vorhanden" | E16: Hoch | F16: • Geeignete Aufstiegshilfe verwenden [O] | G16: • Sichere Treppe / Leiter / Zugang schaffen [T] | I16: offen | L16: =IF(J16<>"",J16,IF($J$12="Freigeben","Freigeben",""))
A17: Regel | B17: MF-Z03-R5 | C17: 100 | D17: [5.6 Bruch- oder Kippgefahr am Aufstieg (beschädigte Stufen, lose Leiter, fehlende Befestigung)?] = Ja | E17: Hoch | F17: • Nur mit Absturzsicherung begehen [O] | G17: • Treppe / Leiter erneuern [T] | I17: offen | L17: =IF(J17<>"",J17,IF($J$12="Freigeben","Freigeben",""))
A18: Regel | B18: MF-Z03-R6 | C18: 1 | D18: [5.5 Art des Aufstiegs zum Triebwerksraum] ist beantwortet | E18: Kein Risiko | F18: • Zustand erhalten; bei der wiederkehrenden Prüfung und der Betreiberkontrolle erneut prüfen [O] | H18: Auffangregel (Mechanik): greift, wenn keine Mangelregel zutrifft und alle Pflichtfragen beantwortet sind. | I18: offen (Auffang) | L18: =IF(J18<>"",J18,IF($J$12="Freigeben","Freigeben",""))
A19: Gefährdung | B19: MF-Z04 | D19: Absturzgefahr im Zugangsbereich (Dachfläche, Absturzkante, Übersteigen) Faktor: Mechanische Gefährdung durch Absturz Betroffen: Beauftragte Person, Wartungspersonal Bewertungslogik: Höchste Stufe – alle zutreffenden Regeln zählen, maßgeblich ist die HÖCHSTE STUFE; Maßnahmen aller Treffer werden übernommen. Bewertet, wenn: immer Pflichtfragen: 5.7, 5.7a (wenn [5.7] = Ja), 5.7b (wenn ([5.7] = Ja UND [5.7a] = Nein)), 5.8 | H19: EN 81-80: im Bestandskatalog (organisatorisch) ASR A2.1 | I19: 4 von 4 offen
A20: Regel | B20: MF-Z04-R1 | C20: 100 | D20: [5.7 Führt der Zugang über eine Dachfläche, Dachkante, Empore oder eine andere Absturzkante?] = Ja UND [5.7a Absturzkante durch Geländer oder Umwehrung dauerhaft gesichert?] = Nein UND [5.7b Verkehrsweg an der Absturzkante festgelegt und gekennzeichnet?] = Nein | E20: Hoch | F20: • PSA gegen Absturz mit festgelegtem Anschlagpunkt verwenden, sonst Zugangsverbot [O] | G20: • Absturzsicherung und Anschlagpunkte herstellen, Verkehrswege festlegen [T] | I20: offen | L20: =IF(J20<>"",J20,IF($J$19="Freigeben","Freigeben",""))
A21: Regel | B21: MF-Z04-R2 | C21: 100 | D21: [5.7 Führt der Zugang über eine Dachfläche, Dachkante, Empore oder eine andere Absturzkante?] = Ja UND [5.7a Absturzkante durch Geländer oder Umwehrung dauerhaft gesichert?] = Nein UND [5.7b Verkehrsweg an der Absturzkante festgelegt und gekennzeichnet?] = Ja | E21: Mittel | F21: • Nur den festgelegten, gekennzeichneten Verkehrsweg nutzen; mindestens 2 m Abstand zur Absturzkante halten [O] | G21: • Geländer oder dauerhafte Absturzsicherung anbringen [T] | H21: [Prüfbericht 16.09.2026: konkrete Sofortmaßnahme statt „Vorsicht“] | I21: offen – geändert (Rev. 2) | L21: =IF(J21<>"",J21,IF($J$19="Freigeben","Freigeben",""))
A22: Regel | B22: MF-Z04-R3 | C22: 100 | D22: [5.8 Muss ein Treppenauge, eine Brüstung oder ein Fenster überstiegen werden?] = Ja | E22: Hoch | F22: • Zugang sperren und alternative Zugangsmöglichkeit festlegen [O] | G22: • Zugang baulich ändern [T] | I22: offen | L22: =IF(J22<>"",J22,IF($J$19="Freigeben","Freigeben",""))
A23: Regel | B23: MF-Z04-R4 | C23: 1 | D23: [5.7 Führt der Zugang über eine Dachfläche, Dachkante, Empore oder eine andere Absturzkante?] ist beantwortet | E23: Kein Risiko | F23: • Zustand erhalten; bei der wiederkehrenden Prüfung und der Betreiberkontrolle erneut prüfen [O] | H23: Auffangregel (Mechanik): greift, wenn keine Mangelregel zutrifft und alle Pflichtfragen beantwortet sind. | I23: offen (Auffang) | L23: =IF(J23<>"",J23,IF($J$19="Freigeben","Freigeben",""))
A24: Gefährdung | B24: MF-Z05 | D24: Einschließen im Zugangsbereich / Triebwerksraum (keine Panikfunktion) Faktor: Sonstige Gefährdung durch Einschließen von Personen Betroffen: Beauftragte Person, Wartungspersonal Bewertungslogik: Vorrang – es gilt die zutreffende Regel mit der HÖCHSTEN PRIORITÄT (so wirken Kompensationen); bei gleicher Priorität die höhere Stufe. Bewertet, wenn: [4.7 Eigener Triebwerks-/Maschinenraum vorhanden?] = Ja Pflichtfragen: 5.9 | H24: EN 81-80: im Bestandskatalog (organisatorisch) DIN EN 81-20 5.2.3.3 | I24: 3 von 3 offen
A25: Regel | B25: MF-Z05-R1 | C25: 100 | D25: [5.9 Lässt sich der Zugangsbereich / Triebwerksraum jederzeit von innen verlassen?] = „Nein – Einschließen möglich" | E25: Hoch | F25: • Nur zu zweit betreten, an- und abmelden, Tür gegen Zufallen sichern [O] | G25: • Panikschloss installieren oder zweiten Fluchtweg schaffen [T] | I25: offen | L25: =IF(J25<>"",J25,IF($J$24="Freigeben","Freigeben",""))
A26: Regel | B26: MF-Z05-R2 | C26: 100 | D26: [5.9 Lässt sich der Zugangsbereich / Triebwerksraum jederzeit von innen verlassen?] = „Nur mit Schlüssel, Schlüssel dauerhaft innen hinterlegt" | E26: Mittel | F26: • Vor dem Betreten Schlüssel prüfen, beim Betreiber an- und abmelden [O] | G26: • Panikschloss nachrüsten [T] | I26: offen | L26: =IF(J26<>"",J26,IF($J$24="Freigeben","Freigeben",""))
A27: Regel | B27: MF-Z05-R3 | C27: 1 | D27: [5.9 Lässt sich der Zugangsbereich / Triebwerksraum jederzeit von innen verlassen?] ist beantwortet | E27: Kein Risiko | F27: • Zustand erhalten; bei der wiederkehrenden Prüfung und der Betreiberkontrolle erneut prüfen [O] | H27: Auffangregel (Mechanik): greift, wenn keine Mangelregel zutrifft und alle Pflichtfragen beantwortet sind. | I27: offen (Auffang) | L27: =IF(J27<>"",J27,IF($J$24="Freigeben","Freigeben",""))
A28: Gefährdung | B28: MF-Z06 | D28: Zugang über fremde Räume, erschwerter Material- und Werkzeugtransport Faktor: Physische Belastung / ergonomische Gefährdung Betroffen: Beauftragte Person, Wartungspersonal Bewertungslogik: Höchste Stufe – alle zutreffenden Regeln zählen, maßgeblich ist die HÖCHSTE STUFE; Maßnahmen aller Treffer werden übernommen. Bewertet, wenn: immer Pflichtfragen: 5.10, 5.11 | H28: EN 81-80: im Bestandskatalog (organisatorisch) DIN EN 81-20 5.2.2.1 | I28: 4 von 4 offen
A29: Regel | B29: MF-Z06-R1 | C29: 100 | D29: [5.10 Führt der Zugang durch fremde Räume?] = „Durch eine Wohnung oder einen nur zeitweise zugänglichen Bereich" | E29: Hoch | F29: • Zutritt vorab vereinbaren, im Notfall Dritte hinzuziehen [O] | G29: • Zugang dauerhaft ändern [T] | I29: offen | L29: =IF(J29<>"",J29,IF($J$28="Freigeben","Freigeben",""))
A30: Regel | B30: MF-Z06-R2 | C30: 100 | D30: [5.10 Führt der Zugang durch fremde Räume?] = „Durch Arbeits-, Lager- oder Technikräume Dritter" | E30: Mittel | F30: • Zutritt vorab mit dem Betreiber abstimmen (Schlüssel, Begleitung); Material in tragbaren Teilmengen transportieren [O] | G30: • Eigenständigen Zugang schaffen oder Wegeführung verbindlich festlegen [T] | H30: [Prüfbericht 16.09.2026: konkrete Sofortmaßnahme statt „Vorsicht“] | I30: offen – geändert (Rev. 2) | L30: =IF(J30<>"",J30,IF($J$28="Freigeben","Freigeben",""))
A31: Regel | B31: MF-Z06-R3 | C31: 100 | D31: [5.11 Erschwert die Art des Zugangs den Transport von Material und Werkzeug (z. B. nur über Leiter, Dachluke, enge Wendeltreppe)?] = Ja | E31: Mittel | F31: • Geeignete Transporthilfen verwenden [O] | G31: • Zugang so herrichten, dass Material sicher transportiert werden kann [T] | I31: offen | L31: =IF(J31<>"",J31,IF($J$28="Freigeben","Freigeben",""))
A32: Regel | B32: MF-Z06-R4 | C32: 1 | D32: [5.10 Führt der Zugang durch fremde Räume?] ist beantwortet | E32: Kein Risiko | F32: • Zustand erhalten; bei der wiederkehrenden Prüfung und der Betreiberkontrolle erneut prüfen [O] | H32: Auffangregel (Mechanik): greift, wenn keine Mangelregel zutrifft und alle Pflichtfragen beantwortet sind. | I32: offen (Auffang) | L32: =IF(J32<>"",J32,IF($J$28="Freigeben","Freigeben",""))
A33: Gefährdung | B33: MF-Z07 | D33: Fehlende oder unzureichende Zugangstür zum Triebwerks-/Maschinenraum bzw. nicht abschließbarer Steuerschrank Faktor: Sonstige Gefährdung durch Einschließen von Personen Betroffen: Beauftragte Person, Wartungspersonal, Nutzer Bewertungslogik: Höchste Stufe – alle zutreffenden Regeln zählen, maßgeblich ist die HÖCHSTE STUFE; Maßnahmen aller Treffer werden übernommen. Bewertet, wenn: immer Pflichtfragen: 4.7, 5.12 (wenn [4.7] = Ja), 5.14 (wenn [4.7] = Nein), 5.12a (wenn [5.12] = Ja), 5.12b (wenn [5.12] = Ja), 5.12c (wenn [5.12] = Ja) | H33: EN 81-80: Nr. 19 (5.6.1) DIN EN 81-20 5.2.3.3 DIN EN 81-20 5.2.6 | I33: 6 von 6 offen
A34: Regel | B34: MF-Z07-R1 | C34: 100 | D34: [5.12 Zugangstür zum Triebwerks-/Maschinenraum vorhanden?] = Nein | E34: Hoch | F34: • Zugang gegen unbefugten Zutritt sichern [O] | G34: • Abschließbare Zugangstür nach DIN EN 81-20, 5.2.3.3 herstellen [T] | I34: offen | L34: =IF(J34<>"",J34,IF($J$33="Freigeben","Freigeben",""))
A35: Regel | B35: MF-Z07-R2 | C35: 100 | D35: [5.12a Zugangstür abschließbar (Zutritt nur für befugte Personen)?] = Nein | E35: Hoch | F35: • Zugang gegen unbefugten Zutritt sichern [O] | G35: • Abschließbare Zugangstür nach DIN EN 81-20, 5.2.3.3 herstellen [T] | I35: offen | L35: =IF(J35<>"",J35,IF($J$33="Freigeben","Freigeben",""))
A36: Regel | B36: MF-Z07-R3 | C36: 100 | D36: [5.12b Zugangstür unbeschädigt und leichtgängig?] = Nein | E36: Mittel | F36: • Tür gangbar machen [T] | G36: • Tür instand setzen oder ersetzen [T] | I36: offen | L36: =IF(J36<>"",J36,IF($J$33="Freigeben","Freigeben",""))
A37: Regel | B37: MF-Z07-R4 | C37: 100 | D37: [5.12c Durchgangsmaß der Zugangstür ausreichend (mind. 2,00 m hoch, 0,60 m breit)?] = Nein | E37: Mittel | F37: • Anstoßstelle kennzeichnen, Kopfschutz verwenden [O] | G37: • Türöffnung nach DIN EN 81-20, 5.2.3 anpassen [T] | I37: offen | L37: =IF(J37<>"",J37,IF($J$33="Freigeben","Freigeben",""))
A38: Regel | B38: MF-Z07-R6 | C38: 100 | D38: [5.14 Ohne Triebwerksraum: Steuerschrank (an der Haltestelle oder im Schacht) abschließbar, Zutritt nur für befugte Personen?] = Nein | E38: Hoch | F38: • Steuerschrank gegen unbefugten Zugriff sichern (Schloss, Zutritt beschränken); Betreiber informieren [O] | G38: • Abschließbaren Steuerschrank herstellen, Zutritt nur für befugte Personen (DIN EN 81-20 5.2.6, Steuerschränke außerhalb von Triebwerksräumen) [T] | H38: Prüfbericht 20.09.2026: Gegenstück zu 5.12a für maschinenraumlose Anlagen – bisher entfiel die Gefährdung dort vollständig (nur im Cyber-Teil 2.1 erfasst). Evidenz: abgeleitet | I38: offen | L38: =IF(J38<>"",J38,IF($J$33="Freigeben","Freigeben",""))
A39: Regel | B39: MF-Z07-R7 | C39: 1 | D39: [4.7 Eigener Triebwerks-/Maschinenraum vorhanden?] ist beantwortet | E39: Kein Risiko | F39: • Zustand erhalten; bei der wiederkehrenden Prüfung und der Betreiberkontrolle erneut prüfen [O] | H39: Auffangregel (Mechanik): greift, wenn keine Mangelregel zutrifft und alle Pflichtfragen beantwortet sind. | I39: offen (Auffang) | L39: =IF(J39<>"",J39,IF($J$33="Freigeben","Freigeben",""))
A40: Gefährdung | B40: MF-Z08 | D40: Fehlende oder versperrte Flucht- und Rettungswege im Bereich des Triebwerks-/Steuerungsraums Faktor: Gefährdung durch fehlende oder versperrte Flucht- und Rettungswege Betroffen: Beauftragte Person, Wartungspersonal Bewertungslogik: Höchste Stufe – alle zutreffenden Regeln zählen, maßgeblich ist die HÖCHSTE STUFE; Maßnahmen aller Treffer werden übernommen. Bewertet, wenn: immer Pflichtfragen: 5.13, 5.13a (wenn [5.13] = Ja), 5.13b (wenn [5.13] = Ja) | H40: EN 81-80: im Bestandskatalog (organisatorisch) ASR A2.3 ArbStättV § 4 | I40: 1 von 4 offen
A41: Regel | B41: MF-Z08-R1 | C41: 100 | D41: [5.13 Flucht- und Rettungsweg vom Triebwerks-/Steuerungsraum frei und benutzbar?] = Nein | E41: Niedrig | F41: • Weg sofort freimachen, bis dahin Bereich nicht allein betreten [O] | G41: • Flucht- und Rettungswege nach ASR A2.3 herstellen und dauerhaft freihalten [T] | H41: Entscheidung 02.09.2026: Niedrig (nur Instandhaltungspersonal betroffen, wie Schindler M120). Entschieden 2026-09-02: K-Z02. | I41: freigegeben
A42: Regel | B42: MF-Z08-R2 | C42: 100 | D42: [5.13a Flucht- und Rettungsweg gekennzeichnet und beleuchtet?] = Nein | E42: Niedrig | F42: • Provisorisch kennzeichnen [O] | G42: • Kennzeichnung nach ASR A1.3 und ASR A2.3 herstellen [T] | H42: Entschieden 2026-09-02: K-Z02. | I42: freigegeben
A43: Regel | B43: MF-Z08-R3 | C43: 100 | D43: [5.13b Fluchtweg durch Lagerung eingeengt?] = Ja | E43: Niedrig | F43: • Fluchtweg sofort freiräumen [O] | G43: • Lagerflächen festlegen und Freihaltung regelmäßig kontrollieren [O] | H43: Entschieden 2026-09-02: K-Z02. | I43: freigegeben
A44: Regel | B44: MF-Z08-R4 | C44: 1 | D44: [5.13 Flucht- und Rettungsweg vom Triebwerks-/Steuerungsraum frei und benutzbar?] ist beantwortet | E44: Kein Risiko | F44: • Zustand erhalten; bei der wiederkehrenden Prüfung und der Betreiberkontrolle erneut prüfen [O] | H44: Auffangregel (Mechanik): greift, wenn keine Mangelregel zutrifft und alle Pflichtfragen beantwortet sind. | I44: offen (Auffang) | L44: =IF(J44<>"",J44,IF($J$40="Freigeben","Freigeben",""))
A45: Gefährdung | B45: MF-Z09 | D45: Zugang zur Anlage für die Personenbefreiung nicht jederzeit gewährleistet Faktor: Sonstige Gefährdung durch fehlende oder unzureichende Notfallorganisation Betroffen: Nutzer, Beauftragte Person Bewertungslogik: Vorrang – es gilt die zutreffende Regel mit der HÖCHSTEN PRIORITÄT (so wirken Kompensationen); bei gleicher Priorität die höhere Stufe. Bewertet, wenn: immer Pflichtfragen: 3.4 | H45: EN 81-80: im Bestandskatalog (organisatorisch) BetrSichV Anh. 1 Nr. 4.1 TRBS 3121 3.1.3 TRBS 3121 3.7.3 | I45: 3 von 4 offen
A46: Regel | B46: MF-Z09-R1 | C46: 100 | D46: [3.4 Zugang zur Anlage für die Personenbefreiung jederzeit gewährleistet?] = „Nein, nicht jederzeit möglich" | E46: Hoch | F46: • Ständige Zugangsmöglichkeit schaffen, ansonsten Aufzug abschalten [O] | G46: • Schlüsseltresor nachrüsten [T] | I46: offen | L46: =IF(J46<>"",J46,IF($J$45="Freigeben","Freigeben",""))
A47: Regel | B47: MF-Z09-R2 | C47: 100 | D47: [3.4 Zugang zur Anlage für die Personenbefreiung jederzeit gewährleistet?] = „Nur über Schlüssel bei Leitwarte, Pforte oder Hausmeister" | E47: Mittel | F47: • Erreichbarkeit der Leitwarte und Schlüsselübergabe mit dem Notdienst abstimmen und im Notfallplan festhalten [O] | G47: • Ständige Besetzung der Leitwarte / Pforte gewährleisten [O] | H47: [Prüfbericht: H11 – Sofortmaßnahme ergänzt] | I47: offen – geändert (Rev. 2) | L47: =IF(J47<>"",J47,IF($J$45="Freigeben","Freigeben",""))
A48: Regel | B48: MF-Z09-R3 | C48: 100 | D48: [3.4 Zugang zur Anlage für die Personenbefreiung jederzeit gewährleistet?] = „Ja, jederzeit (Schlüsseltresor / ständig besetzte Stelle vor Ort)" | E48: Kein Risiko | H48: Entschieden 2026-09-02: K-Z01. | I48: freigegeben
A49: Regel | B49: MF-Z09-R4 | C49: 1 | D49: [3.4 Zugang zur Anlage für die Personenbefreiung jederzeit gewährleistet?] ist beantwortet | E49: Kein Risiko | F49: • Zustand erhalten; bei der wiederkehrenden Prüfung und der Betreiberkontrolle erneut prüfen [O] | H49: Auffangregel (Mechanik): greift, wenn keine Mangelregel zutrifft und alle Pflichtfragen beantwortet sind. | I49: offen (Auffang) | L49: =IF(J49<>"",J49,IF($J$45="Freigeben","Freigeben",""))

Sheet M Triebwerksraum
A1: Art | B1: Code | C1: Prio | D1: Gefährdung / Bedingung | E1: Stufe | F1: Sofortmaßnahme | G1: Mittelfristige Maßnahme | H1: Hinweis / Quelle | I1: Status | J1: Entscheidung | K1: Korrektur | L1: wirksam
A2: Gefährdung | B2: MF-M01 | D2: Unzureichende Beleuchtung im Triebwerks-/Maschinenraum Faktor: Gefährdung durch Arbeitsumgebungsbedingungen (unzureichende Beleuchtung) Betroffen: Beauftragte Person, Wartungspersonal Bewertungslogik: Höchste Stufe – alle zutreffenden Regeln zählen, maßgeblich ist die HÖCHSTE STUFE; Maßnahmen aller Treffer werden übernommen. Bewertet, wenn: [4.7 Eigener Triebwerks-/Maschinenraum vorhanden?] = Ja Pflichtfragen: 5.20, 5.21 (wenn [5.20] = Ja), 5.22 (wenn [5.20] = Ja), 5.23 (wenn [5.20] = Ja) | H2: EN 81-80: Nr. 23 (5.6.5) DIN EN 81-20 5.2.1.4.2 | I2: 5 von 5 offen
A3: Regel | B3: MF-M01-R1 | C3: 100 | D3: [5.20 Beleuchtung im Triebwerks-/Maschinenraum vorhanden?] = Nein | E3: Hoch | F3: • Handlampe benutzen [O] | G3: • Geeignete Leuchten nachrüsten [T] | I3: offen | L3: =IF(J3<>"",J3,IF($J$2="Freigeben","Freigeben",""))
A4: Regel | B4: MF-M01-R2 | C4: 100 | D4: [5.21 Beleuchtungsstärke an den Arbeitsflächen (Antrieb, Steuerschrank) mind. 200 Lux, Leuchten funktionsfähig?] = Nein | E4: Mittel | F4: • Handlampe benutzen [O] | G4: • Geeignete Leuchten nachrüsten [T] | I4: offen | L4: =IF(J4<>"",J4,IF($J$2="Freigeben","Freigeben",""))
A5: Regel | B5: MF-M01-R3 | C5: 100 | D5: [5.22 Leuchten an geeigneter Stelle (Arbeitsflächen nicht abgeschattet)?] = Nein | E5: Mittel | F5: • Handlampe benutzen [O] | G5: • Leuchten versetzen [T] | I5: offen | L5: =IF(J5<>"",J5,IF($J$2="Freigeben","Freigeben",""))
A6: Regel | B6: MF-M01-R4 | C6: 100 | D6: [5.23 Leuchten im Kopfbereich mit Splitterschutz / bruchsicher?] = Nein | E6: Mittel | F6: • Beschädigte Leuchten sofort ersetzen [T] | G6: • Splitterschutz nachrüsten [T] | H6: [Prüfbericht: H11 – Sofortmaßnahme ergänzt] | I6: offen – geändert (Rev. 2) | L6: =IF(J6<>"",J6,IF($J$2="Freigeben","Freigeben",""))
A7: Regel | B7: MF-M01-R5 | C7: 1 | D7: [5.20 Beleuchtung im Triebwerks-/Maschinenraum vorhanden?] ist beantwortet | E7: Kein Risiko | F7: • Zustand erhalten; bei der wiederkehrenden Prüfung und der Betreiberkontrolle erneut prüfen [O] | H7: Auffangregel (Mechanik): greift, wenn keine Mangelregel zutrifft und alle Pflichtfragen beantwortet sind. | I7: offen (Auffang) | L7: =IF(J7<>"",J7,IF($J$2="Freigeben","Freigeben",""))
A8: Gefährdung | B8: MF-M02 | D8: Unzureichender Schutz gegen elektrischen Schlag (offene Schalttafel, offene Kontakte, fehlende Berührungssicherheit) Faktor: Elektrische Gefährdung durch Berühren spannungsführender Teile Betroffen: Beauftragte Person, Wartungspersonal Bewertungslogik: Höchste Stufe – alle zutreffenden Regeln zählen, maßgeblich ist die HÖCHSTE STUFE; Maßnahmen aller Treffer werden übernommen. Bewertet, wenn: immer Pflichtfragen: 5.30, 5.31 (wenn [5.30] = Nein), 5.32 (wenn [5.30] = Nein), 5.33 (wenn [5.30] = Nein), 5.34 (wenn [5.30] = Nein), 5.35 | H8: EN 81-80: Nr. 66 (5.13.1) DIN EN 81-20 5.10.1.2 DGUV Vorschrift 3 TRBS 3121 Anh. 1 Nr. 21 (Schutz gegen elektrischen Schlag und Kennzeichnung) | I8: 7 von 7 offen
A9: Regel | B9: MF-M02-R1 | C9: 100 | D9: [5.31 Offene Schalttafel ohne Schaltschrank vorhanden?] = Ja | E9: Hoch | F9: • Bei Betreten des Maschinenraumes ausschalten [O] | G9: • Steuerung erneuern [T] | I9: offen | L9: =IF(J9<>"",J9,IF($J$8="Freigeben","Freigeben",""))
A10: Regel | B10: MF-M02-R2 | C10: 100 | D10: [5.32 Offene Kontakte oder Schalter an Maschine, Kopierwerk oder Begrenzer?] = Ja | E10: Hoch | F10: • Bei Betreten des Maschinenraumes ausschalten [O] | G10: • Maschine erneuern oder Bauteile abdecken oder ersetzen [T] | I10: offen | L10: =IF(J10<>"",J10,IF($J$8="Freigeben","Freigeben",""))
A11: Regel | B11: MF-M02-R3 | C11: 100 | D11: [5.33 Nicht berührungssichere Bauteile im Schaltschrank (bei geöffneter Tür erreichbar)?] = Ja | E11: Mittel | F11: • Bei Arbeiten am Schaltschrank immer ausschalten [O] | G11: • Berührungssichere Bauteile nachrüsten [T] | I11: offen | L11: =IF(J11<>"",J11,IF($J$8="Freigeben","Freigeben",""))
A12: Regel | B12: MF-M02-R4 | C12: 100 | D12: [5.30 Alle spannungsführenden Teile berührungssicher (Abdeckungen vorhanden, Schaltschrank geschlossen)?] = Nein | E12: Mittel | F12: • Bei Arbeiten immer ausschalten [O] | G12: • Berührungssichere Bauteile nachrüsten [T] | I12: offen | L12: =IF(J12<>"",J12,IF($J$8="Freigeben","Freigeben",""))
A13: Regel | B13: MF-M02-R5 | C13: 100 | D13: [5.35 Nachweis der elektrischen Prüfung der AUFZUGSANLAGE nach DGUV Vorschrift 3 vorhanden (Steuerung, Antrieb, Leitungen der Anlage; Prüfplakette / Protokoll aktuell)?] = Nein | E13: Mittel | F13: • Arbeiten an der Elektrik nur durch Fachkundige, ggf. Zusatzschutz (PRCD-S) [O] | G13: • Bei Notwendigkeit DGUV V3 Prüfung beauftragen, Plakette erneuern [T] | H13: Entschieden 2026-09-02: K-M01. [Freigabe bezog sich auf einen früheren Stand (Regel, abhängige Fragen oder Gefährdungslogik geändert) – neu prüfen] | I13: offen – geändert (Rev. 3) | L13: =IF(J13<>"",J13,IF($J$8="Freigeben","Freigeben",""))
A14: Regel | B14: MF-M02-R7 | C14: 100 | D14: [5.34 Warnkennzeichnung für offene elektrische Kontakte vorhanden?] = Nein | E14: Niedrig | F14: • Offene Kontakte provisorisch mit Warnzeichen W012 kennzeichnen [O] | G14: • Dauerhafte Warnkennzeichnung anbringen; sie ersetzt den Berührungsschutz nicht [O] | H14: Prüfbericht 20.09.2026: bisher optionale Frage ohne Regelwirkung. Eigener geringer Mangel, ausdrücklich KEINE Kompensation (Entscheidung K-K10). Evidenz: abgeleitet | I14: offen | L14: =IF(J14<>"",J14,IF($J$8="Freigeben","Freigeben",""))
A15: Regel | B15: MF-M02-R6 | C15: 1 | D15: [5.30 Alle spannungsführenden Teile berührungssicher (Abdeckungen vorhanden, Schaltschrank geschlossen)?] ist beantwortet | E15: Kein Risiko | F15: • Zustand erhalten; bei der wiederkehrenden Prüfung und der Betreiberkontrolle erneut prüfen [O] | H15: Auffangregel (Mechanik): greift, wenn keine Mangelregel zutrifft und alle Pflichtfragen beantwortet sind. | I15: offen (Auffang) | L15: =IF(J15<>"",J15,IF($J$8="Freigeben","Freigeben",""))
A16: Gefährdung | B16: MF-M03 | D16: Fehlender oder unzureichender Schutz an drehenden Teilen (Treibscheibe, Umlenkrollen, Begrenzer) Faktor: Mechanische Gefährdung durch rotierende Teile (Erfassen, Einziehen) Betroffen: Wartungspersonal Bewertungslogik: Höchste Stufe – alle zutreffenden Regeln zählen, maßgeblich ist die HÖCHSTE STUFE; Maßnahmen aller Treffer werden übernommen. Bewertet, wenn: [3.1 Aufzugsart] ist eines von „Seil-/Riemenaufzug (Treibscheibe)" / „Trommel- oder Kettenaufzug" / „Seil-Hydraulikaufzug (indirekt)" Pflichtfragen: 5.40, 5.41, 5.42 | H16: EN 81-80: Nr. 47 (5.9.1), Nr. 48 (5.9.1), Nr. 49 (5.9.1) DIN EN 81-20 5.9.3.1 | I16: 5 von 5 offen
A17: Regel | B17: MF-M03-R1 | C17: 100 | D17: [5.42 Abdeckung der Einzugstellen insgesamt] = „Einzugstellen offen" | E17: Hoch | F17: • Bei Betreten des Maschinenraumes ausschalten [O] | G17: • Komplettabdeckungen nachrüsten [T] | I17: offen | L17: =IF(J17<>"",J17,IF($J$16="Freigeben","Freigeben",""))
A18: Regel | B18: MF-M03-R2 | C18: 100 | D18: [5.40 Einzugsschutz an Treibscheibe, Umlenkrollen und Kopierwerk vorhanden?] = Nein | E18: Hoch | F18: • Bei Betreten des Maschinenraumes ausschalten [O] | G18: • Komplettabdeckungen nachrüsten [T] | I18: offen | L18: =IF(J18<>"",J18,IF($J$16="Freigeben","Freigeben",""))
A19: Regel | B19: MF-M03-R3 | C19: 100 | D19: [5.42 Abdeckung der Einzugstellen insgesamt] = „Teilweise abgedeckt" | E19: Mittel | F19: • Bei Betreten des Maschinenraumes ausschalten [O] | G19: • Komplettabdeckungen nachrüsten [T] | I19: offen | L19: =IF(J19<>"",J19,IF($J$16="Freigeben","Freigeben",""))
A20: Regel | B20: MF-M03-R4 | C20: 100 | D20: [5.40 Einzugsschutz an Treibscheibe, Umlenkrollen und Kopierwerk vorhanden?] = Ja UND [5.41 Einzugsschutz am Geschwindigkeitsbegrenzer vorhanden?] = Nein | E20: Mittel | F20: • Bei Arbeiten am Geschwindigkeitsbegrenzer ausschalten [O] | G20: • Abdeckungen nachrüsten [T] | I20: offen | L20: =IF(J20<>"",J20,IF($J$16="Freigeben","Freigeben",""))
A21: Regel | B21: MF-M03-R5 | C21: 1 | D21: [5.40 Einzugsschutz an Treibscheibe, Umlenkrollen und Kopierwerk vorhanden?] ist beantwortet | E21: Kein Risiko | F21: • Zustand erhalten; bei der wiederkehrenden Prüfung und der Betreiberkontrolle erneut prüfen [O] | H21: Auffangregel (Mechanik): greift, wenn keine Mangelregel zutrifft und alle Pflichtfragen beantwortet sind. | I21: offen (Auffang) | L21: =IF(J21<>"",J21,IF($J$16="Freigeben","Freigeben",""))
A22: Gefährdung | B22: MF-M04 | D22: Unzureichende Raumhöhe, Bewegungs- und Freiflächen im Triebwerksraum Faktor: Physische Belastung / ergonomische Gefährdung Betroffen: Beauftragte Person, Wartungspersonal Bewertungslogik: Höchste Stufe – alle zutreffenden Regeln zählen, maßgeblich ist die HÖCHSTE STUFE; Maßnahmen aller Treffer werden übernommen. Bewertet, wenn: [4.7 Eigener Triebwerks-/Maschinenraum vorhanden?] = Ja Pflichtfragen: 5.43, 5.44, 5.45 | H22: EN 81-80: Nr. 21 (5.6.3) DIN EN 81-20 5.2.6.3.2 | I22: 4 von 4 offen
A23: Regel | B23: MF-M04-R1 | C23: 100 | D23: [5.44 Freifläche für Notbetrieb/Handrad mind. 0,50 m × 0,60 m vor dem Antrieb vorhanden?] = Nein | E23: Hoch | F23: • Fläche sofort freiräumen [O] | G23: • Freifläche dauerhaft sicherstellen und kennzeichnen [O] | I23: offen | L23: =IF(J23<>"",J23,IF($J$22="Freigeben","Freigeben",""))
A24: Regel | B24: MF-M04-R2 | C24: 100 | D24: [5.43 Lichte Höhe im Gehbereich mind. 1,80 m?] = Nein | E24: Mittel | F24: • Niedrige Stellen kennzeichnen (Warnmarkierung, Polsterung), Beschäftigte unterweisen [O] | G24: • Lichte Höhe von 1,80 m im Gehbereich herstellen (Umbau, Verlegung von Einbauten) [T] | I24: offen | L24: =IF(J24<>"",J24,IF($J$22="Freigeben","Freigeben",""))
A25: Regel | B25: MF-M04-R3 | C25: 100 | D25: [5.45 Bewegungsflächen durch Lagerung eingeengt?] = Ja | E25: Mittel | F25: • Flächen sofort freiräumen [O] | G25: • Lagerung im Triebwerksraum dauerhaft unterbinden [O] | I25: offen | L25: =IF(J25<>"",J25,IF($J$22="Freigeben","Freigeben",""))
A26: Regel | B26: MF-M04-R4 | C26: 1 | D26: [5.43 Lichte Höhe im Gehbereich mind. 1,80 m?] ist beantwortet | E26: Kein Risiko | F26: • Zustand erhalten; bei der wiederkehrenden Prüfung und der Betreiberkontrolle erneut prüfen [O] | H26: Auffangregel (Mechanik): greift, wenn keine Mangelregel zutrifft und alle Pflichtfragen beantwortet sind. | I26: offen (Auffang) | L26: =IF(J26<>"",J26,IF($J$22="Freigeben","Freigeben",""))
A27: Gefährdung | B27: MF-M05 | D27: Unterschiedliche Ebenen, Podeste und Bodenöffnungen im Triebwerksraum ungesichert Faktor: Mechanische Gefährdung durch Absturz Betroffen: Beauftragte Person, Wartungspersonal Bewertungslogik: Höchste Stufe – alle zutreffenden Regeln zählen, maßgeblich ist die HÖCHSTE STUFE; Maßnahmen aller Treffer werden übernommen. Bewertet, wenn: [4.7 Eigener Triebwerks-/Maschinenraum vorhanden?] = Ja Pflichtfragen: 5.46, 5.46a (wenn [5.46] = Ja), 5.46b (wenn [5.46] = Ja), 5.47 | H27: EN 81-80: Nr. 22 (5.6.4) DIN EN 81-20 5.2.6.3.2.4 | I27: 4 von 4 offen
A28: Regel | B28: MF-M05-R1 | C28: 100 | D28: [5.46 Niveauunterschiede über 0,50 m im Raum vorhanden?] = Ja UND [5.46a Niveauunterschied durch Treppe oder Leiter überwindbar?] = Nein | E28: Mittel | F28: • Sichere Aufstiegshilfe verwenden [O] | G28: • Treppe oder Leiter nach DIN EN 81-20, 5.2.6.3.2.4 herstellen [T] | I28: offen | L28: =IF(J28<>"",J28,IF($J$27="Freigeben","Freigeben",""))
A29: Regel | B29: MF-M05-R2 | C29: 100 | D29: [5.46b Podest mit Absturzhöhe über 1,00 m ohne Geländer?] = Ja | E29: Hoch | F29: • Bereich absperren, PSA gegen Absturz verwenden [O] | G29: • Geländer nachrüsten [T] | I29: offen | L29: =IF(J29<>"",J29,IF($J$27="Freigeben","Freigeben",""))
A30: Regel | B30: MF-M05-R3 | C30: 100 | D30: [5.47 Ungesicherte Bodenöffnung oder Vertiefung im Raum?] = Ja | E30: Hoch | F30: • Öffnung abdecken oder absperren [O] | G30: • Dauerhafte Abdeckung und umlaufendes Geländer anbringen [T] | I30: offen | L30: =IF(J30<>"",J30,IF($J$27="Freigeben","Freigeben",""))
A31: Regel | B31: MF-M05-R4 | C31: 1 | D31: [5.46 Niveauunterschiede über 0,50 m im Raum vorhanden?] ist beantwortet | E31: Kein Risiko | F31: • Zustand erhalten; bei der wiederkehrenden Prüfung und der Betreiberkontrolle erneut prüfen [O] | H31: Auffangregel (Mechanik): greift, wenn keine Mangelregel zutrifft und alle Pflichtfragen beantwortet sind. | I31: offen (Auffang) | L31: =IF(J31<>"",J31,IF($J$27="Freigeben","Freigeben",""))
A32: Gefährdung | B32: MF-M06 | D32: Rutschiger, verschmutzter oder ölverunreinigter Boden im Triebwerksraum Faktor: Mechanische Gefährdung durch Stolpern, Rutschen, Stürzen Betroffen: Beauftragte Person, Wartungspersonal Bewertungslogik: Höchste Stufe – alle zutreffenden Regeln zählen, maßgeblich ist die HÖCHSTE STUFE; Maßnahmen aller Treffer werden übernommen. Bewertet, wenn: [4.7 Eigener Triebwerks-/Maschinenraum vorhanden?] = Ja Pflichtfragen: 5.48, 5.49, 5.50 | H32: EN 81-80: Nr. 20 (5.6.2) DIN EN 81-20 5.2.1.9 | I32: 4 von 4 offen
A33: Regel | B33: MF-M06-R1 | C33: 100 | D33: [5.50 Ausgetretenes Öl / Hydrauliköl ohne Auffangmöglichkeit?] = Ja | E33: Hoch | F33: • Öl aufnehmen, Leckage abstellen, Bereich sichern [O] | G33: • Auffangwanne herstellen und Leckage dauerhaft beseitigen (Wasserhaushaltsgesetz beachten) [T] | I33: offen | L33: =IF(J33<>"",J33,IF($J$32="Freigeben","Freigeben",""))
A34: Regel | B34: MF-M06-R2 | C34: 100 | D34: [5.48 Boden rutschhemmend und sauber?] = Nein | E34: Mittel | F34: • Reinigen, abstumpfendes Material einsetzen [O] | G34: • Reinigung in den Wartungsplan aufnehmen [O] | I34: offen | L34: =IF(J34<>"",J34,IF($J$32="Freigeben","Freigeben",""))
A35: Regel | B35: MF-M06-R3 | C35: 100 | D35: [5.49 Boden ölfest gestrichen und unbeschädigt?] = Nein | E35: Mittel | F35: • Ölbindemittel bereitstellen und Verunreinigungen aufnehmen [O] | G35: • Ölfesten Anstrich erneuern [T] | I35: offen | L35: =IF(J35<>"",J35,IF($J$32="Freigeben","Freigeben",""))
A36: Regel | B36: MF-M06-R4 | C36: 1 | D36: [5.48 Boden rutschhemmend und sauber?] ist beantwortet | E36: Kein Risiko | F36: • Zustand erhalten; bei der wiederkehrenden Prüfung und der Betreiberkontrolle erneut prüfen [O] | H36: Auffangregel (Mechanik): greift, wenn keine Mangelregel zutrifft und alle Pflichtfragen beantwortet sind. | I36: offen (Auffang) | L36: =IF(J36<>"",J36,IF($J$32="Freigeben","Freigeben",""))
A37: Gefährdung | B37: MF-M07 | D37: Fehlender, nicht abschließbarer oder nicht gekennzeichneter Hauptschalter Faktor: Elektrische Gefährdung durch Berühren spannungsführender Teile Betroffen: Wartungspersonal Bewertungslogik: Höchste Stufe – alle zutreffenden Regeln zählen, maßgeblich ist die HÖCHSTE STUFE; Maßnahmen aller Treffer werden übernommen. Bewertet, wenn: immer Pflichtfragen: 5.51, 5.51a (wenn [5.51] = Ja), 5.51b (wenn [5.51] = Ja) | H37: EN 81-80: Nr. 68 (5.13.3) DIN EN 81-20 5.10.5.1 DGUV Vorschrift 3 TRBS 3121 Anh. 1 Nr. 21 (Schutz gegen elektrischen Schlag und Kennzeichnung) | I37: 3 von 4 offen
A38: Regel | B38: MF-M07-R1 | C38: 100 | D38: [5.51 Hauptschalter vorhanden und Wirkung nachvollziehbar?] = Nein | E38: Hoch | F38: • Arbeiten nur nach Freischalten durch eine Elektrofachkraft [O] | G38: • Hauptschalter nach DIN EN 81-20 nachrüsten [T] | I38: offen | L38: =IF(J38<>"",J38,IF($J$37="Freigeben","Freigeben",""))
A39: Regel | B39: MF-M07-R2 | C39: 100 | D39: [5.51a Hauptschalter abschließbar?] = Nein | E39: Hoch | F39: • Andere Maßnahme zum Schutz gegen Wiedereinschalten anwenden [O] | G39: • Abschließbaren Hauptschalter nachrüsten [T] | H39: Entschieden 2026-09-02: K-M02. | I39: freigegeben
A40: Regel | B40: MF-M07-R3 | C40: 100 | D40: [5.51b Hauptschalter eindeutig gekennzeichnet?] = Nein | E40: Mittel | F40: • Provisorisch kennzeichnen [O] | G40: • Dauerhafte Kennzeichnung anbringen [O] | I40: offen | L40: =IF(J40<>"",J40,IF($J$37="Freigeben","Freigeben",""))
A41: Regel | B41: MF-M07-R4 | C41: 1 | D41: [5.51 Hauptschalter vorhanden und Wirkung nachvollziehbar?] ist beantwortet | E41: Kein Risiko | F41: • Zustand erhalten; bei der wiederkehrenden Prüfung und der Betreiberkontrolle erneut prüfen [O] | H41: Auffangregel (Mechanik): greift, wenn keine Mangelregel zutrifft und alle Pflichtfragen beantwortet sind. | I41: offen (Auffang) | L41: =IF(J41<>"",J41,IF($J$37="Freigeben","Freigeben",""))
A42: Gefährdung | B42: MF-M08 | D42: Unzureichende elektromechanische Bremse (Einkreisbremse, keine Überwachung) Faktor: Mechanische Gefährdung durch Überlastung und unkontrollierte Bewegung Betroffen: Nutzer, Wartungspersonal Bewertungslogik: Höchste Stufe – alle zutreffenden Regeln zählen, maßgeblich ist die HÖCHSTE STUFE; Maßnahmen aller Treffer werden übernommen. Bewertet, wenn: [3.1 Aufzugsart] ist eines von „Seil-/Riemenaufzug (Treibscheibe)" / „Trommel- oder Kettenaufzug" Pflichtfragen: 6.2, 6.2a (wenn [6.2] = Ja), 8.27 (wenn [6.2a] = Nein) | H42: EN 81-80: Nr. 53 (5.9.4, 5.12.1) DIN EN 81-20 5.9.2.2.2 TRBS 3121 Anh. 1 Nr. 16 (UCM und Aufwärts-Übergeschwindigkeit bei Seilaufzügen) | I42: 3 von 3 offen
A43: Regel | B43: MF-M08-R1 | C43: 100 | D43: [6.2 Zweikreisbremse (redundante Betriebsbremse) vorhanden?] = Nein | E43: Hoch | F43: • Bremsfunktion prüfen, Anlage bei Auffälligkeiten stilllegen [O] | G43: • Zweikreisbremse mit Überwachung der Bremskreise nachrüsten [T] | I43: offen | L43: =IF(J43<>"",J43,IF($J$42="Freigeben","Freigeben",""))
A44: Regel | B44: MF-M08-R2 | C44: 100 | D44: [6.2a Bremse elektrisch überwacht (Bremskontrollschalter)?] = Nein UND [8.27 Türüberbrückung (SR-Modul) für Nachregulieren / Voraböffnen mit offener Tür vorhanden?] = Ja | E44: Mittel | F44: • Bremse bei jeder Wartung auf Wirksamkeit beider Bremskreise prüfen [O] | G44: • Bremskontrollschalter nachrüsten [T] | H44: Entscheidung 02.09.2026: ohne Türüberbrückung (SR-Modul) kein Risiko. [Prüfbericht: H11 – Sofortmaßnahme ergänzt] Frühere Klärung (vor der Änderung entschieden): K-M09 | I44: offen – geändert (Rev. 2) | L44: =IF(J44<>"",J44,IF($J$42="Freigeben","Freigeben",""))
A45: Regel | B45: MF-M08-R3 | C45: 1 | D45: [6.2 Zweikreisbremse (redundante Betriebsbremse) vorhanden?] ist beantwortet | E45: Kein Risiko | F45: • Zustand erhalten; bei der wiederkehrenden Prüfung und der Betreiberkontrolle erneut prüfen [O] | H45: Auffangregel (Mechanik): greift, wenn keine Mangelregel zutrifft und alle Pflichtfragen beantwortet sind. | I45: offen (Auffang) | L45: =IF(J45<>"",J45,IF($J$42="Freigeben","Freigeben",""))
A46: Gefährdung | B46: MF-M09 | D46: Fehlender Schutz des Antriebsmotors gegen Überhitzen Faktor: Brand- und Explosionsgefährdung Betroffen: Nutzer, Wartungspersonal Bewertungslogik: Vorrang – es gilt die zutreffende Regel mit der HÖCHSTEN PRIORITÄT (so wirken Kompensationen); bei gleicher Priorität die höhere Stufe. Bewertet, wenn: immer Pflichtfragen: 6.3 | H46: EN 81-80: Nr. 67 (5.13.2) DIN EN 81-20 5.10.4.3 | I46: 1 von 2 offen
A47: Regel | B47: MF-M09-R1 | C47: 100 | D47: [6.3 Schutz gegen Überhitzen des Antriebsmotors vorhanden?] = Nein | E47: Mittel | F47: • Fahrspiele begrenzen und Temperatur überwachen [O] | G47: • Motorschutz nach DIN EN 81-20, 5.10.4.2 nachrüsten [T] | H47: Entschieden 2026-09-02: K-M03. | I47: freigegeben
A48: Regel | B48: MF-M09-R2 | C48: 1 | D48: [6.3 Schutz gegen Überhitzen des Antriebsmotors vorhanden?] ist beantwortet | E48: Kein Risiko | F48: • Zustand erhalten; bei der wiederkehrenden Prüfung und der Betreiberkontrolle erneut prüfen [O] | H48: Auffangregel (Mechanik): greift, wenn keine Mangelregel zutrifft und alle Pflichtfragen beantwortet sind. | I48: offen (Auffang) | L48: =IF(J48<>"",J48,IF($J$46="Freigeben","Freigeben",""))
A49: Gefährdung | B49: MF-M10 | D49: Fehlende unabhängige Fahrschütze / Abschaltwege Faktor: Mechanische Gefährdung durch Überlastung und unkontrollierte Bewegung Betroffen: Nutzer Bewertungslogik: Vorrang – es gilt die zutreffende Regel mit der HÖCHSTEN PRIORITÄT (so wirken Kompensationen); bei gleicher Priorität die höhere Stufe. Bewertet, wenn: NICHT [3.1 Aufzugsart] ist eines von „Hydraulikaufzug" / „Seil-Hydraulikaufzug (indirekt)" Pflichtfragen: 6.4, 6.4a (wenn [6.4] = Nein) | H49: EN 81-80: Nr. 62 (5.12.4) DIN EN 81-20 5.9.2.5 TRBS 3121 Anh. 1 Nr. 20 (Redundante Abschaltung des Antriebs) | I49: 3 von 3 offen
A50: Regel | B50: MF-M10-R1 | C50: 200 | D50: [6.4 Zwei unabhängige Fahrschütze / Abschaltwege vorhanden?] = Nein UND [6.4a Bei nur einem Schütz: selbstüberwachende Steuerung mit Baumusterprüfung?] = Ja | E50: Kein Risiko | H50: App M5: „Nur ein Fahrschütz, jedoch selbst überwachende Steuerung" = grün Entschieden 2026-09-02: K-M04. [Freigabe bezog sich auf einen früheren Stand (Regel, abhängige Fragen oder Gefährdungslogik geändert) – neu prüfen] | I50: offen – geändert (Rev. 2) | L50: =IF(J50<>"",J50,IF($J$49="Freigeben","Freigeben",""))
A51: Regel | B51: MF-M10-R2 | C51: 100 | D51: [6.4 Zwei unabhängige Fahrschütze / Abschaltwege vorhanden?] = Nein | E51: Hoch | F51: • Abschaltfunktion des Fahrschützes bei jeder Wartung prüfen; bei Auffälligkeit (Schütz fällt nicht ab) Anlage sofort außer Betrieb nehmen [O] | G51: • Zweites, unabhängiges Fahrschütz bzw. redundante Abschaltung nachrüsten oder Steuerung erneuern [T] | H51: [Prüfbericht: B11 – „bei Arbeiten ausschalten" schützt die Nutzer nicht] | I51: offen – geändert (Rev. 3) | L51: =IF(J51<>"",J51,IF($J$49="Freigeben","Freigeben",""))
A52: Regel | B52: MF-M10-R3 | C52: 1 | D52: [6.4 Zwei unabhängige Fahrschütze / Abschaltwege vorhanden?] ist beantwortet | E52: Kein Risiko | F52: • Zustand erhalten; bei der wiederkehrenden Prüfung und der Betreiberkontrolle erneut prüfen [O] | H52: Auffangregel (Mechanik): greift, wenn keine Mangelregel zutrifft und alle Pflichtfragen beantwortet sind. | I52: offen (Auffang) | L52: =IF(J52<>"",J52,IF($J$49="Freigeben","Freigeben",""))
A53: Gefährdung | B53: MF-M11 | D53: Fehlende Laufzeitüberwachung des Antriebs Faktor: Brand- und Explosionsgefährdung Betroffen: Nutzer Bewertungslogik: Vorrang – es gilt die zutreffende Regel mit der HÖCHSTEN PRIORITÄT (so wirken Kompensationen); bei gleicher Priorität die höhere Stufe. Bewertet, wenn: immer Pflichtfragen: 6.5 | H53: EN 81-80: Nr. 64 (5.12.6) DIN EN 81-20 5.9.2.6.2 | I53: 2 von 2 offen
A54: Regel | B54: MF-M11-R1 | C54: 100 | D54: [6.5 Motor-Laufzeitüberwachung vorhanden?] = Nein | E54: Mittel | F54: • Anlage bei Auffälligkeiten stilllegen [O] | G54: • Motoren-Laufzeitüberwachung nachrüsten [T] | I54: offen | L54: =IF(J54<>"",J54,IF($J$53="Freigeben","Freigeben",""))
A55: Regel | B55: MF-M11-R2 | C55: 1 | D55: [6.5 Motor-Laufzeitüberwachung vorhanden?] ist beantwortet | E55: Kein Risiko | F55: • Zustand erhalten; bei der wiederkehrenden Prüfung und der Betreiberkontrolle erneut prüfen [O] | H55: Auffangregel (Mechanik): greift, wenn keine Mangelregel zutrifft und alle Pflichtfragen beantwortet sind. | I55: offen (Auffang) | L55: =IF(J55<>"",J55,IF($J$53="Freigeben","Freigeben",""))
A56: Gefährdung | B56: MF-M12 | D56: Fehlender Schutz gegen Phasenumkehr / Phasenausfall Faktor: Mechanische Gefährdung durch Überlastung und unkontrollierte Bewegung Betroffen: Nutzer Bewertungslogik: Vorrang – es gilt die zutreffende Regel mit der HÖCHSTEN PRIORITÄT (so wirken Kompensationen); bei gleicher Priorität die höhere Stufe. Bewertet, wenn: [6.1 Antriebssystem / Regelung] ist keines von „Geregelter Antrieb (Frequenzumrichter)" / „Hydraulischer Antrieb" Pflichtfragen: 6.6 | H56: EN 81-80: Nr. 69 (5.14.1) DIN EN 81-20 5.10.7 | I56: 1 von 2 offen
A57: Regel | B57: MF-M12-R1 | C57: 100 | D57: [6.6 Schutz gegen Phasenumkehr / Phasenausfall vorhanden?] = Nein | E57: Mittel | F57: • Anlage auf richtige Drehrichtung prüfen, Hinweis an Betreiber [O] | G57: • Phasenfolge-/Phasenausfallrelais nachrüsten [T] | H57: Entschieden 2026-09-02: K-M05. Evidenz: abgeleitet | I57: freigegeben
A58: Regel | B58: MF-M12-R2 | C58: 1 | D58: [6.6 Schutz gegen Phasenumkehr / Phasenausfall vorhanden?] ist beantwortet | E58: Kein Risiko | F58: • Zustand erhalten; bei der wiederkehrenden Prüfung und der Betreiberkontrolle erneut prüfen [O] | H58: Auffangregel (Mechanik): greift, wenn keine Mangelregel zutrifft und alle Pflichtfragen beantwortet sind. | I58: offen (Auffang) | L58: =IF(J58<>"",J58,IF($J$56="Freigeben","Freigeben",""))
A59: Gefährdung | B59: MF-M13 | D59: Unzureichende Hydraulikeinrichtungen (Absperrventil, Rohrbruchsicherung, Absinken) Faktor: Mechanische Gefährdung durch Überlastung und unkontrollierte Bewegung Betroffen: Nutzer, Wartungspersonal Bewertungslogik: Höchste Stufe – alle zutreffenden Regeln zählen, maßgeblich ist die HÖCHSTE STUFE; Maßnahmen aller Treffer werden übernommen. Bewertet, wenn: [3.1 Aufzugsart] ist eines von „Hydraulikaufzug" / „Seil-Hydraulikaufzug (indirekt)" Pflichtfragen: 6.10, 6.10a (wenn [6.10] = Ja), 6.11, 6.12, 6.13 | H59: EN 81-80: Nr. 54 (5.9.5), Nr. 61 (5.12.3), Nr. 65 (5.12.7) DIN EN 81-20 5.6.1.3 DIN EN 81-20 5.6.7 TRBS 3121 Anh. 1 Nr. 17 (Absturz-, Übergeschwindigkeits- und Absinkschutz Hydraulik) | I59: 7 von 7 offen
A60: Regel | B60: MF-M13-R1 | C60: 100 | D60: [6.11 Rohrbruchsicherungsventil vorhanden?] = Nein | E60: Hoch | F60: • Absinkverhalten überwachen, Anlage nur eingeschränkt betreiben [O] | G60: • Rohrbruchsicherungsventil nachrüsten [T] | I60: offen | L60: =IF(J60<>"",J60,IF($J$59="Freigeben","Freigeben",""))
A61: Regel | B61: MF-M13-R2 | C61: 100 | D61: [6.13 Sinkt der Fahrkorb im Stillstand merklich ab?] = Ja UND [6.12 Einrichtung gegen Absinken (Kolbenabsinkverhinderung / Nachholsteuerung) vorhanden?] = Nein | E61: Hoch | F61: • Aufzug stilllegen [O] | G61: • Einrichtung gegen das Absinken des Kolbens nachrüsten und Leckage beseitigen [T] | I61: offen | L61: =IF(J61<>"",J61,IF($J$59="Freigeben","Freigeben",""))
A62: Regel | B62: MF-M13-R7 | C62: 100 | D62: [6.13 Sinkt der Fahrkorb im Stillstand merklich ab?] = Ja UND [6.12 Einrichtung gegen Absinken (Kolbenabsinkverhinderung / Nachholsteuerung) vorhanden?] = Ja | E62: Mittel | F62: • Vor Arbeiten am Hydrauliksystem Fahrkorb auf dem Puffer absetzen oder gegen Absinken sichern; Absinkverhalten und Bündigkeit überwachen [O] | G62: • Wirksamkeit der Kolbenabsinkverhinderung / Nachholsteuerung prüfen lassen, Leckage (Dichtungen, Ventile, Leitungen) suchen und beseitigen [T] | H62: Prüfbericht 20.09.2026: bisherige Lücke – ein merkliches Absinken TROTZ vorhandener Einrichtung fiel auf „Kein Risiko". Die Einrichtung ist dann unwirksam. Evidenz: abgeleitet | I62: offen | L62: =IF(J62<>"",J62,IF($J$59="Freigeben","Freigeben",""))
A63: Regel | B63: MF-M13-R3 | C63: 100 | D63: [6.12 Einrichtung gegen Absinken (Kolbenabsinkverhinderung / Nachholsteuerung) vorhanden?] = Nein | E63: Mittel | F63: • Vor Arbeiten am Hydrauliksystem Fahrkorb auf dem Puffer absetzen oder gegen Absinken sichern; auf Schlaffseilbildung achten [O] | G63: • Kolbenabsinkverhinderung (KAV) nachrüsten [T] | H63: [Prüfbericht 16.09.2026: konkrete Sofortmaßnahme statt „Vorsicht“] | I63: offen – geändert (Rev. 2) | L63: =IF(J63<>"",J63,IF($J$59="Freigeben","Freigeben",""))
A64: Regel | B64: MF-M13-R4 | C64: 100 | D64: [6.10 Absperrventil am Hydraulikaggregat vorhanden?] = Nein | E64: Mittel | F64: • Arbeiten am Hydrauliksystem nur mit abgesetztem, gegen Bewegung gesichertem Fahrkorb [O] | G64: • Absperrventil zwischen Zylinder und Rückschlagventil nachrüsten, gut zugänglich und gekennzeichnet [T] | H64: [Prüfbericht: B12 – fehlendes Ventil wird nachgerüstet, nicht nur gekennzeichnet] Evidenz: abgeleitet | I64: offen – geändert (Rev. 2) | L64: =IF(J64<>"",J64,IF($J$59="Freigeben","Freigeben",""))
A65: Regel | B65: MF-M13-R5 | C65: 100 | D65: [6.10a Absperrventil gekennzeichnet und gut zugänglich?] = Nein | E65: Mittel | F65: • Zugang freimachen und provisorisch kennzeichnen [O] | G65: • Ventil zugänglich anordnen und dauerhaft kennzeichnen [O] | I65: offen | L65: =IF(J65<>"",J65,IF($J$59="Freigeben","Freigeben",""))
A66: Regel | B66: MF-M13-R6 | C66: 1 | D66: [6.10 Absperrventil am Hydraulikaggregat vorhanden?] ist beantwortet | E66: Kein Risiko | F66: • Zustand erhalten; bei der wiederkehrenden Prüfung und der Betreiberkontrolle erneut prüfen [O] | H66: Auffangregel (Mechanik): greift, wenn keine Mangelregel zutrifft und alle Pflichtfragen beantwortet sind. | I66: offen (Auffang) | L66: =IF(J66<>"",J66,IF($J$59="Freigeben","Freigeben",""))
A67: Gefährdung | B67: MF-M14 | D67: Fehlende oder unzureichende Hebezeuge / Anschlagpunkte im Triebwerksraum Faktor: Mechanische Gefährdung durch herabfallende oder kippende Lasten Betroffen: Wartungspersonal Bewertungslogik: Höchste Stufe – alle zutreffenden Regeln zählen, maßgeblich ist die HÖCHSTE STUFE; Maßnahmen aller Treffer werden übernommen. Bewertet, wenn: [4.7 Eigener Triebwerks-/Maschinenraum vorhanden?] = Ja Pflichtfragen: 5.52, 5.52a (wenn [5.52] = Ja), 5.52b (wenn [5.52] = Ja) | H67: EN 81-80: Nr. 24 (5.6.6) DIN EN 81-20 5.2.1.7 | I67: 4 von 4 offen
A68: Regel | B68: MF-M14-R1 | C68: 100 | D68: [5.52 Anschlagpunkte / Hebezeuge zum Anheben schwerer Teile vorhanden?] = Nein | E68: Hoch | F68: • Hebearbeiten nur nach gesondert festgelegtem Verfahren [O] | G68: • Anschlagpunkte nach DIN EN 81-20, 5.2.1.7 nachrüsten [T] | I68: offen | L68: =IF(J68<>"",J68,IF($J$67="Freigeben","Freigeben",""))
A69: Regel | B69: MF-M14-R2 | C69: 100 | D69: [5.52a Tragfähigkeit der Anschlagpunkte angegeben?] = Nein | E69: Mittel | F69: • Vor Nutzung die Tragfähigkeit ermitteln lassen [O] | G69: • Tragfähigkeit dauerhaft kennzeichnen [O] | I69: offen | L69: =IF(J69<>"",J69,IF($J$67="Freigeben","Freigeben",""))
A70: Regel | B70: MF-M14-R3 | C70: 100 | D70: [5.52b Prüfung der Anschlagpunkte dokumentiert?] = Nein | E70: Mittel | F70: • Prüfnachweis anfordern [O] | G70: • Anschlagpunkte in die wiederkehrende Prüfung aufnehmen und dokumentieren [O] | I70: offen | L70: =IF(J70<>"",J70,IF($J$67="Freigeben","Freigeben",""))
A71: Regel | B71: MF-M14-R4 | C71: 1 | D71: [5.52 Anschlagpunkte / Hebezeuge zum Anheben schwerer Teile vorhanden?] ist beantwortet | E71: Kein Risiko | F71: • Zustand erhalten; bei der wiederkehrenden Prüfung und der Betreiberkontrolle erneut prüfen [O] | H71: Auffangregel (Mechanik): greift, wenn keine Mangelregel zutrifft und alle Pflichtfragen beantwortet sind. | I71: offen (Auffang) | L71: =IF(J71<>"",J71,IF($J$67="Freigeben","Freigeben",""))
A72: Gefährdung | B72: MF-M15 | D72: Fehlende oder unzureichende Einrichtung für Notbetrieb und Personenbefreiung Faktor: Sonstige Gefährdung durch fehlende oder unzureichende Notfallorganisation Betroffen: Nutzer, Beauftragte Person Bewertungslogik: Höchste Stufe – alle zutreffenden Regeln zählen, maßgeblich ist die HÖCHSTE STUFE; Maßnahmen aller Treffer werden übernommen. Bewertet, wenn: immer Pflichtfragen: 5.53, 5.53a (wenn [5.53] = Ja), 5.53b (wenn [E1] = Ja) | H72: EN 81-80: Nr. 60 (5.12.2) DIN EN 81-20 5.9.2.3 BetrSichV Anh. 1 Nr. 4.1 TRBS 3121 3.7.3 | I72: 4 von 4 offen
A73: Regel | B73: MF-M15-R1 | C73: 100 | D73: [5.53 Einrichtung für Notbetrieb / Personenbefreiung vorhanden (Handrad, Bremslüfthebel, Evakuierungseinheit, Notablass)?] = Nein | E73: Hoch | F73: • Befreiung ausschließlich durch die Wartungsfirma, Notrufkette festlegen und bekannt machen [O] | G73: • Evakuierungseinrichtung nachrüsten [T] | I73: offen | L73: =IF(J73<>"",J73,IF($J$72="Freigeben","Freigeben",""))
A74: Regel | B74: MF-M15-R2 | C74: 100 | D74: [5.53a Notbetriebseinrichtung gekennzeichnet (Fahrtrichtung, Bündigmarken)?] = Nein | E74: Mittel | F74: • Provisorisch kennzeichnen [O] | G74: • Dauerhafte Kennzeichnung nach Herstellerangabe anbringen [T] | I74: offen | L74: =IF(J74<>"",J74,IF($J$72="Freigeben","Freigeben",""))
A75: Regel | B75: MF-M15-R3 | C75: 100 | D75: [5.53b Beauftragte Personen in die Personenbefreiung eingewiesen?] = Nein | E75: Mittel | F75: • Personenbefreiung bis zur Einweisung nur durch das Wartungsunternehmen [O] | G75: • Beauftragte Personen anlagenbezogen in die Personenbefreiung einweisen und dokumentieren (BetrSichV Anh. 1 Nr. 4.1) [O] | H75: Evidenz: abgeleitet | I75: offen | L75: =IF(J75<>"",J75,IF($J$72="Freigeben","Freigeben",""))
A76: Regel | B76: MF-M15-R4 | C76: 1 | D76: [5.53 Einrichtung für Notbetrieb / Personenbefreiung vorhanden (Handrad, Bremslüfthebel, Evakuierungseinheit, Notablass)?] ist beantwortet | E76: Kein Risiko | F76: • Zustand erhalten; bei der wiederkehrenden Prüfung und der Betreiberkontrolle erneut prüfen [O] | H76: Auffangregel (Mechanik): greift, wenn keine Mangelregel zutrifft und alle Pflichtfragen beantwortet sind. | I76: offen (Auffang) | L76: =IF(J76<>"",J76,IF($J$72="Freigeben","Freigeben",""))
A77: Gefährdung | B77: MF-M16 | D77: Fehlender Potenzialausgleich / mangelhafte bauseitige Elektroinstallation Faktor: Elektrische Gefährdung durch Berühren spannungsführender Teile Betroffen: Beauftragte Person, Wartungspersonal Bewertungslogik: Höchste Stufe – alle zutreffenden Regeln zählen, maßgeblich ist die HÖCHSTE STUFE; Maßnahmen aller Treffer werden übernommen. Bewertet, wenn: immer Pflichtfragen: 5.38, 5.36, 5.37 | H77: EN 81-80: im Bestandskatalog (organisatorisch) DIN EN 81-20 5.10.1.1 DIN VDE 0100-410 DGUV Vorschrift 3 | I77: 4 von 4 offen
A78: Regel | B78: MF-M16-R1 | C78: 100 | D78: [5.38 Hauptpotenzialausgleich an der Aufzugskonstruktion vorhanden?] = Nein | E78: Mittel | F78: • Elektrofachkraft mit der Prüfung der Schutzmaßnahme beauftragen [O] | G78: • Hauptpotenzialausgleich an Führungsschienen, Maschinenrahmen und Schaltschrank herstellen (DIN VDE 0100-410) [T] | H78: Entschieden 2026-09-02: K-M06. [Freigabe bezog sich auf einen früheren Stand (Regel, abhängige Fragen oder Gefährdungslogik geändert) – neu prüfen] | I78: offen – geändert (Rev. 2) | L78: =IF(J78<>"",J78,IF($J$77="Freigeben","Freigeben",""))
A79: Regel | B79: MF-M16-R2 | C79: 100 | D79: [5.36 Bauseitige Elektroinstallation im Raum (Steckdosen, Schalter, Leitungen) unbeschädigt?] = Nein | E79: Hoch | F79: • Betroffene Betriebsmittel abschalten und gegen Benutzung sichern [O] | G79: • Instandsetzung durch eine Elektrofachkraft [T] | I79: offen | L79: =IF(J79<>"",J79,IF($J$77="Freigeben","Freigeben",""))
A80: Regel | B80: MF-M16-R3 | C80: 100 | D80: [5.37 Prüfung der BAUSEITIGEN ortsfesten elektrischen Anlage des Raumes nachgewiesen (Zuleitung, Steckdosen, Raumbeleuchtung)?] = Nein | E80: Mittel | F80: • Prüfnachweis der bauseitigen Installation beim Betreiber anfordern [O] | G80: • Wiederkehrende Prüfung der bauseitigen ortsfesten Anlage (Zuleitung, Steckdosen, Raumbeleuchtung) nach DGUV Vorschrift 3 durch den Betreiber veranlassen [O] | H80: Prüfbericht 20.09.2026: Abgrenzung zu 5.35 (Aufzugsanlage) geschärft. | I80: offen | L80: =IF(J80<>"",J80,IF($J$77="Freigeben","Freigeben",""))
A81: Regel | B81: MF-M16-R4 | C81: 1 | D81: [5.38 Hauptpotenzialausgleich an der Aufzugskonstruktion vorhanden?] ist beantwortet | E81: Kein Risiko | F81: • Zustand erhalten; bei der wiederkehrenden Prüfung und der Betreiberkontrolle erneut prüfen [O] | H81: Auffangregel (Mechanik): greift, wenn keine Mangelregel zutrifft und alle Pflichtfragen beantwortet sind. | I81: offen (Auffang) | L81: =IF(J81<>"",J81,IF($J$77="Freigeben","Freigeben",""))
A82: Gefährdung | B82: MF-M17 | D82: Fehlende Kennzeichnung elektrischer Einrichtungen, Stromlaufplan, Beschilderung und Betriebsanleitung Faktor: Gefährdung durch organisatorische Mängel (Unterlagen, Unterweisung, Zuständigkeit) Betroffen: Beauftragte Person, Wartungspersonal Bewertungslogik: Höchste Stufe – alle zutreffenden Regeln zählen, maßgeblich ist die HÖCHSTE STUFE; Maßnahmen aller Treffer werden übernommen. Bewertet, wenn: immer Pflichtfragen: 5.54, 5.55, 5.56, 5.57 | H82: EN 81-80: Nr. 66 (5.13.1), Nr. 74 (5.15) DIN EN 81-20 7 DIN EN 81-20 5.10.1.3 BetrSichV § 12 TRBS 3121 Anh. 1 Nr. 21 (Schutz gegen elektrischen Schlag und Kennzeichnung) | I82: 6 von 6 offen
A83: Regel | B83: MF-M17-R1 | C83: 100 | D83: [5.54 Elektrische Einrichtungen gekennzeichnet (Zuordnung im Notfall möglich)?] = Nein UND [5.55 Stromlaufplan / Schaltunterlagen] = „Nicht vorhanden" | E83: Hoch | F83: • Arbeiten an der Elektrik nur durch Elektrofachkraft [O] | G83: • Stromlaufpläne ergänzen, DGUV V3 Prüfung [O] | I83: offen | L83: =IF(J83<>"",J83,IF($J$82="Freigeben","Freigeben",""))
A84: Regel | B84: MF-M17-R2 | C84: 100 | D84: [5.54 Elektrische Einrichtungen gekennzeichnet (Zuordnung im Notfall möglich)?] = Nein | E84: Mittel | F84: • Anlagenteile provisorisch kennzeichnen [O] | G84: • Dauerhafte Kennzeichnung aller elektrischen Einrichtungen herstellen [T] | I84: offen | L84: =IF(J84<>"",J84,IF($J$82="Freigeben","Freigeben",""))
A85: Regel | B85: MF-M17-R3 | C85: 100 | D85: [5.55 Stromlaufplan / Schaltunterlagen] ist eines von „Vorhanden, aber unrichtig oder unvollständig" / „Nicht vorhanden" | E85: Mittel | F85: • Arbeiten an der Elektrik nur durch Elektrofachkraft [O] | G85: • Stromlaufpläne ergänzen, DGUV V3 Prüfung [O] | I85: offen | L85: =IF(J85<>"",J85,IF($J$82="Freigeben","Freigeben",""))
A86: Regel | B86: MF-M17-R4 | C86: 100 | D86: [5.56 Beschilderung vollständig (Schutzraum, Notablass, Entriegelungsschlüssel, Verhalten bei Personenbefreiung)?] = Nein | E86: Mittel | F86: • Provisorisch kennzeichnen [O] | G86: • Beschilderung nach DIN EN 81-20, Abschnitt 7 vervollständigen [O] | I86: offen | L86: =IF(J86<>"",J86,IF($J$82="Freigeben","Freigeben",""))
A87: Regel | B87: MF-M17-R5 | C87: 100 | D87: [5.57 Betriebs-/Bedienungsanleitung der Anlage] ist eines von „Vorhanden, aber nicht aktuell oder unvollständig" / „Nicht vorhanden" | E87: Mittel | F87: • Vorhandene Unterlagen sichten [O] | G87: • Aktuelle Betriebsanleitung anfordern und an der Anlage hinterlegen [O] | I87: offen | L87: =IF(J87<>"",J87,IF($J$82="Freigeben","Freigeben",""))
A88: Regel | B88: MF-M17-R6 | C88: 1 | D88: [5.54 Elektrische Einrichtungen gekennzeichnet (Zuordnung im Notfall möglich)?] ist beantwortet | E88: Kein Risiko | F88: • Zustand erhalten; bei der wiederkehrenden Prüfung und der Betreiberkontrolle erneut prüfen [O] | H88: Auffangregel (Mechanik): greift, wenn keine Mangelregel zutrifft und alle Pflichtfragen beantwortet sind. | I88: offen (Auffang) | L88: =IF(J88<>"",J88,IF($J$82="Freigeben","Freigeben",""))
A89: Gefährdung | B89: MF-M18 | D89: Fehlende oder unzulängliche Sprechverbindung zwischen Fahrkorb und Triebwerksraum Faktor: Sonstige Gefährdung durch fehlende oder unzureichende Notfallorganisation Betroffen: Wartungspersonal, Beauftragte Person Bewertungslogik: Vorrang – es gilt die zutreffende Regel mit der HÖCHSTEN PRIORITÄT (so wirken Kompensationen); bei gleicher Priorität die höhere Stufe. Bewertet, wenn: [5.58 Sprechverbindung zwischen Fahrkorb und Triebwerksraum/Steuerung] ≠ „Verständigung ohne Hilfsmittel möglich (kurze Wege)" Pflichtfragen: 5.58 | H89: EN 81-80: Nr. 72 (5.14.4) DIN EN 81-20 5.12.3 | I89: 3 von 3 offen
A90: Regel | B90: MF-M18-R1 | C90: 100 | D90: [5.58 Sprechverbindung zwischen Fahrkorb und Triebwerksraum/Steuerung] = „Keine Sprechverbindung" | E90: Hoch | F90: • Arbeiten nur mit zweiter Person und vereinbarten Signalen durchführen [O] | G90: • Sprechstelle zwischen Fahrkorb und Triebwerksraum nachrüsten [T] | I90: offen | L90: =IF(J90<>"",J90,IF($J$89="Freigeben","Freigeben",""))
A91: Regel | B91: MF-M18-R2 | C91: 100 | D91: [5.58 Sprechverbindung zwischen Fahrkorb und Triebwerksraum/Steuerung] = „Vorhanden, Verständigung nur eingeschränkt" | E91: Mittel | F91: • Bei Arbeiten eine zweite Person zur Verständigung einsetzen [O] | G91: • Sprechverbindung instand setzen oder erneuern [T] | I91: offen | L91: =IF(J91<>"",J91,IF($J$89="Freigeben","Freigeben",""))
A92: Regel | B92: MF-M18-R3 | C92: 1 | D92: [5.58 Sprechverbindung zwischen Fahrkorb und Triebwerksraum/Steuerung] ist beantwortet | E92: Kein Risiko | F92: • Zustand erhalten; bei der wiederkehrenden Prüfung und der Betreiberkontrolle erneut prüfen [O] | H92: Auffangregel (Mechanik): greift, wenn keine Mangelregel zutrifft und alle Pflichtfragen beantwortet sind. | I92: offen (Auffang) | L92: =IF(J92<>"",J92,IF($J$89="Freigeben","Freigeben",""))
A93: Gefährdung | B93: MF-M19 | D93: Aufzugsfremde Einrichtungen im Triebwerksraum Faktor: Mechanische Gefährdung durch Stolpern, Rutschen, Stürzen Betroffen: Wartungspersonal Bewertungslogik: Vorrang – es gilt die zutreffende Regel mit der HÖCHSTEN PRIORITÄT (so wirken Kompensationen); bei gleicher Priorität die höhere Stufe. Bewertet, wenn: [4.7 Eigener Triebwerks-/Maschinenraum vorhanden?] = Ja Pflichtfragen: 5.59 | H93: EN 81-80: im Bestandskatalog (organisatorisch) DIN EN 81-20 5.2.1.2 DIN EN 81-20 5.2.6.1 | I93: 2 von 2 offen
A94: Regel | B94: MF-M19-R1 | C94: 100 | D94: [5.59 Triebwerksraum frei von aufzugsfremden Einrichtungen (Lager, Leitungen, Geräte Dritter)?] = Nein | E94: Mittel | F94: • Fremdnutzung mit dem Betreiber klären, Zugang nur für Aufzugspersonal [O] | G94: • Aufzugsfremde Einrichtungen entfernen; Raum ausschließlich für den Aufzug nutzen [T] | H94: Evidenz: abgeleitet | I94: offen | L94: =IF(J94<>"",J94,IF($J$93="Freigeben","Freigeben",""))
A95: Regel | B95: MF-M19-R2 | C95: 1 | D95: [5.59 Triebwerksraum frei von aufzugsfremden Einrichtungen (Lager, Leitungen, Geräte Dritter)?] ist beantwortet | E95: Kein Risiko | F95: • Zustand erhalten; bei der wiederkehrenden Prüfung und der Betreiberkontrolle erneut prüfen [O] | H95: Auffangregel (Mechanik): greift, wenn keine Mangelregel zutrifft und alle Pflichtfragen beantwortet sind. | I95: offen (Auffang) | L95: =IF(J95<>"",J95,IF($J$93="Freigeben","Freigeben",""))
A96: Gefährdung | B96: MF-M20 | D96: Fehlender Not-Halt im zusätzlichen Rollenraum Faktor: Gefährdung durch unbeabsichtigtes Betätigen von Befehlsgebern Betroffen: Wartungspersonal Bewertungslogik: Vorrang – es gilt die zutreffende Regel mit der HÖCHSTEN PRIORITÄT (so wirken Kompensationen); bei gleicher Priorität die höhere Stufe. Bewertet, wenn: [4.7a Zusätzlicher Rollenraum vorhanden?] = Ja Pflichtfragen: 5.24 | H96: EN 81-80: Nr. 16 (5.5.9) DIN EN 81-20 5.2.6.4.5 DIN EN 81-20 5.12.1.11 TRBS 3121 Anh. 1 Nr. 7 (Stoppeinrichtungen in Grube und Rollenraum) | I96: 2 von 2 offen
A97: Regel | B97: MF-M20-R1 | C97: 100 | D97: [5.24 Notbremsschalter im zusätzlichen Rollenraum vorhanden?] = Nein | E97: Hoch | F97: • Arbeiten im Rollenraum nur bei freigeschalteter und gegen Wiedereinschalten gesicherter Anlage [O] | G97: • Notbremsschalter (Stoppeinrichtung) im Rollenraum nachrüsten (DIN EN 81-20 5.12.1.11) [T] | H97: Blaupause Schindler M049 (f132 Rollenraum). [Prüfbericht: B13 – Maßnahme auf den Rollenraum bezogen] Evidenz: abgeleitet | I97: offen – geändert (Rev. 2) | L97: =IF(J97<>"",J97,IF($J$96="Freigeben","Freigeben",""))
A98: Regel | B98: MF-M20-R2 | C98: 1 | D98: [5.24 Notbremsschalter im zusätzlichen Rollenraum vorhanden?] ist beantwortet | E98: Kein Risiko | F98: • Zustand erhalten; bei der wiederkehrenden Prüfung und der Betreiberkontrolle erneut prüfen [O] | H98: Auffangregel (Mechanik): greift, wenn keine Mangelregel zutrifft und alle Pflichtfragen beantwortet sind. | I98: offen (Auffang) | L98: =IF(J98<>"",J98,IF($J$96="Freigeben","Freigeben",""))

Sheet T Türen
A1: Art | B1: Code | C1: Prio | D1: Gefährdung / Bedingung | E1: Stufe | F1: Sofortmaßnahme | G1: Mittelfristige Maßnahme | H1: Hinweis / Quelle | I1: Status | J1: Entscheidung | K1: Korrektur | L1: wirksam
A2: Gefährdung | B2: MF-T01 | D2: Unsichere Verriegelung der Schachttüren Faktor: Mechanische Gefährdung durch Absturz in den Schacht Betroffen: Nutzer Bewertungslogik: Höchste Stufe – alle zutreffenden Regeln zählen, maßgeblich ist die HÖCHSTE STUFE; Maßnahmen aller Treffer werden übernommen. Bewertet, wenn: immer Pflichtfragen: 7.1, 7.2 | H2: EN 81-80: Nr. 31 (5.7.7), Nr. 33 (5.7.8.2) DIN EN 81-20 5.3.9.1 TRBS 3121 Anh. 1 Nr. 11 (Schachttürverriegelung) | I2: 3 von 3 offen
A3: Regel | B3: MF-T01-R1 | C3: 100 | D3: [7.1 Schachttürverriegelung vom Sicherheitskreis elektrisch überwacht?] = Nein | E3: Hoch | F3: • Aufzug ausschalten und sichern [O] | G3: • Ersatz aller Schachttür-Verriegelungen durch normgerechte Verriegelungen [T] | I3: offen | L3: =IF(J3<>"",J3,IF($J$2="Freigeben","Freigeben",""))
A4: Regel | B4: MF-T01-R2 | C4: 100 | D4: [7.2 Fehlschließsicherung / Nachschließeinrichtung an den Schachttüren vorhanden?] = Nein | E4: Mittel | F4: • Schließ- und Verriegelungsfunktion aller Schachttüren prüfen; Beauftragte Person auf offen stehende Schachttüren hinweisen [O] | G4: • Riegel mit Fehlschließeinrichtung nachrüsten [T] | H4: [Prüfbericht: H11 – Sofortmaßnahme ergänzt] | I4: offen – geändert (Rev. 2) | L4: =IF(J4<>"",J4,IF($J$2="Freigeben","Freigeben",""))
A5: Regel | B5: MF-T01-R3 | C5: 1 | D5: [7.1 Schachttürverriegelung vom Sicherheitskreis elektrisch überwacht?] ist beantwortet | E5: Kein Risiko | F5: • Zustand erhalten; bei der wiederkehrenden Prüfung und der Betreiberkontrolle erneut prüfen [O] | H5: Auffangregel (Mechanik): greift, wenn keine Mangelregel zutrifft und alle Pflichtfragen beantwortet sind. | I5: offen (Auffang) | L5: =IF(J5<>"",J5,IF($J$2="Freigeben","Freigeben",""))
A6: Gefährdung | B6: MF-T02 | D6: Fehlende oder schlecht erreichbare Notentriegelung der Schachttüren Faktor: Sonstige Gefährdung durch fehlende oder unzureichende Notfallorganisation Betroffen: Nutzer, Beauftragte Person Bewertungslogik: Höchste Stufe – alle zutreffenden Regeln zählen, maßgeblich ist die HÖCHSTE STUFE; Maßnahmen aller Treffer werden übernommen. Bewertet, wenn: immer Pflichtfragen: 7.5, 7.6, 7.7 (wenn [7.5] = Ja) | H6: EN 81-80: Nr. 32 (5.7.8.1) DIN EN 81-20 5.3.9.3 TRBS 3121 Anh. 1 Nr. 11 (Schachttürverriegelung) | I6: 4 von 4 offen
A7: Regel | B7: MF-T02-R1 | C7: 100 | D7: [7.6 Passender Entriegelungsschlüssel (Dreikant) für die Personenbefreiung vor Ort hinterlegt?] = Nein | E7: Hoch | F7: • Entriegelungsschlüssel beschaffen und an der Anlage (Schlüsseltresor) hinterlegen [O] | G7: • Schlüsselverwaltung für die Personenbefreiung in der Betriebsanweisung regeln [O] | H7: Evidenz: abgeleitet | I7: offen | L7: =IF(J7<>"",J7,IF($J$6="Freigeben","Freigeben",""))
A8: Regel | B8: MF-T02-R2 | C8: 100 | D8: [7.5 Notentriegelung an allen Schachttüren vorhanden?] = Nein | E8: Hoch | F8: • Personenbefreiung bis zur Nachrüstung nur durch das Aufzugsfachunternehmen; betroffene Haltestellen im Notfallplan kennzeichnen [O] | G8: • Notentriegelungen nachrüsten [T] | H8: [Prüfbericht: H11 – Sofortmaßnahme ergänzt] Frühere Klärung (vor der Änderung entschieden): K-K06 | I8: offen – geändert (Rev. 2) | L8: =IF(J8<>"",J8,IF($J$6="Freigeben","Freigeben",""))
A9: Regel | B9: MF-T02-R3 | C9: 100 | D9: [7.7 Notentriegelung erreichbar (max. 2,00 m über Boden im Türblatt bzw. 2,70 m im Rahmen mit langem Schlüssel)?] = Nein | E9: Mittel | F9: • Leiter/Tritt für die Personenbefreiung bereithalten, Beauftragte unterweisen [O] | G9: • Notentriegelung in erreichbarer Höhe (max. 2,00 m) nachrüsten oder langen Entriegelungsschlüssel hinterlegen [T] | H9: Evidenz: abgeleitet | I9: offen | L9: =IF(J9<>"",J9,IF($J$6="Freigeben","Freigeben",""))
A10: Regel | B10: MF-T02-R4 | C10: 1 | D10: [7.5 Notentriegelung an allen Schachttüren vorhanden?] ist beantwortet | E10: Kein Risiko | F10: • Zustand erhalten; bei der wiederkehrenden Prüfung und der Betreiberkontrolle erneut prüfen [O] | H10: Auffangregel (Mechanik): greift, wenn keine Mangelregel zutrifft und alle Pflichtfragen beantwortet sind. | I10: offen (Auffang) | L10: =IF(J10<>"",J10,IF($J$6="Freigeben","Freigeben",""))
A11: Gefährdung | B11: MF-T03 | D11: Schachttüren nicht selbstschließend Faktor: Mechanische Gefährdung durch Absturz in den Schacht Betroffen: Nutzer Bewertungslogik: Höchste Stufe – alle zutreffenden Regeln zählen, maßgeblich ist die HÖCHSTE STUFE; Maßnahmen aller Treffer werden übernommen. Bewertet, wenn: immer Pflichtfragen: 7.3, 7.4 | H11: EN 81-80: Nr. 34 (5.7.9) DIN EN 81-20 5.3.9.3.4 TRBS 3121 Anh. 1 Nr. 12 (Selbstschließung von Schiebetüren) | I11: 3 von 3 offen
A12: Regel | B12: MF-T03-R1 | C12: 100 | D12: [7.4 Schließt die Schachttür nach einer Notentriegelung selbsttätig?] = Nein | E12: Hoch | F12: • Nach jeder Notentriegelung Schachttür von Hand schließen und Verriegelung prüfen; Personenbefreiung nur durch unterwiesene Personen [O] | G12: • Schachttür umrüsten [T] | H12: [Prüfbericht: H11 – Sofortmaßnahme ergänzt] | I12: offen – geändert (Rev. 2) | L12: =IF(J12<>"",J12,IF($J$11="Freigeben","Freigeben",""))
A13: Regel | B13: MF-T03-R2 | C13: 100 | D13: [7.3 Schachttüren selbstschließend (Feder oder Gewicht)?] = Nein | E13: Mittel | F13: • Schachttüren nach jeder Personenbefreiung auf Schließ- und Verriegelungsstellung prüfen; Beauftragte Person entsprechend unterweisen [O] | G13: • Selbstschließung nachrüsten [T] | H13: [Prüfbericht 16.09.2026: konkrete Sofortmaßnahme statt „Vorsicht“] | I13: offen – geändert (Rev. 2) | L13: =IF(J13<>"",J13,IF($J$11="Freigeben","Freigeben",""))
A14: Regel | B14: MF-T03-R3 | C14: 1 | D14: [7.3 Schachttüren selbstschließend (Feder oder Gewicht)?] ist beantwortet | E14: Kein Risiko | F14: • Zustand erhalten; bei der wiederkehrenden Prüfung und der Betreiberkontrolle erneut prüfen [O] | H14: Auffangregel (Mechanik): greift, wenn keine Mangelregel zutrifft und alle Pflichtfragen beantwortet sind. | I14: offen (Auffang) | L14: =IF(J14<>"",J14,IF($J$11="Freigeben","Freigeben",""))
A15: Gefährdung | B15: MF-T04 | D15: Ungeeignetes Glas oder fehlender Einzugsschutz an Türen mit Glas Faktor: Mechanische Gefährdung durch Bruch von Bauteilen und Einziehen an Glastüren Betroffen: Nutzer Bewertungslogik: Höchste Stufe – alle zutreffenden Regeln zählen, maßgeblich ist die HÖCHSTE STUFE; Maßnahmen aller Treffer werden übernommen. Bewertet, wenn: ([4.1 Schachttüren mit Glas?] = Ja ODER [4.3 Fahrkorbtüren mit Glas?] = Ja) Pflichtfragen: 7.8, 7.9, 7.8a, 7.9a, 7.10 (wenn [7.9a] = Ja) Prüfbericht 20.09.2026: Der Nutzerkreis „Kinder" (4.12) war hier als Modifikator geführt, ohne in einer Regel vorzukommen. Er ist entfernt – der Schutz gegen das Einziehen von Kinderhänden (EN 81-20 5.3.5.3.7) gilt an kraftbetätigten Glas-Schiebetüren unabhängig davon, ob Kinder erwartet werden, und wird deshalb ohne Abschlag mit Hoch bewertet. | H15: EN 81-80: Nr. 25 (5.7.1), Nr. 27 (5.7.3), Nr. 28 (5.7.4) DIN EN 81-20 5.3.5.3.5 DIN EN 81-20 5.3.5.3.6 DIN EN 81-20 5.3.5.3.7 TRBS 3121 Anh. 1 Nr. 9 (Glas und Sichtfenster in Schachttüren) TRBS 3121 Anh. 1 Nr. 10 (Schutz an kraftbetätigten Türen) | I15: 5 von 5 offen
A16: Regel | B16: MF-T04-R5 | C16: 100 | D16: [7.8 Glaseinsätze in Schacht-/Fahrkorbtüren aus normgerechtem Glas (Verbundsicherheitsglas nach EN 81-20 5.3.5.3)?] = Nein UND [7.9 Drahtglas (Gitterglas) verbaut?] = Nein | E16: Hoch | F16: • Anlage zur Gefahrenabwehr abschalten! [O] | G16: • Normgerechtes Glas (z.B. VSG) einbauen oder verschließen und Anwesenheitsanzeige nachrüsten. [T] | H16: [Prüfbericht: B06 – Drahtglas ausgenommen, damit die Niedrig-Regel (TRBS 3121 Anh. 1 Nr. 9) greift] | I16: offen – geändert (Rev. 2) | L16: =IF(J16<>"",J16,IF($J$15="Freigeben","Freigeben",""))
A17: Regel | B17: MF-T04-R6 | C17: 100 | D17: [7.8a Glaseinsatz beschädigt, lose oder nicht sicher befestigt?] = Ja | E17: Hoch | F17: • Anlage zur Gefahrenabwehr abschalten! [O] | G17: • Normgerechtes Glas (z.B. VSG) einbauen oder verschließen und Anwesenheitsanzeige nachrüsten. [T] | H17: [Prüfbericht: B06 – neu: beschädigtes oder loses Glas unabhängig von der Glasart Hoch] | I17: offen – geändert (Rev. 2) | L17: =IF(J17<>"",J17,IF($J$15="Freigeben","Freigeben",""))
A18: Regel | B18: MF-T04-R7 | C18: 100 | D18: [7.9a Verglaste Türen als kraftbetätigte Schiebetüren ausgeführt?] = Ja UND [7.10 Schutz gegen Einziehen von Kinderhänden an Glas-Schiebetüren vorhanden (Sensorleiste, Abstand, Beschichtung)?] = Nein | E18: Hoch | F18: • Aufzug nur für eingeschränkten Personenkreis freigeben und für sonstigen Personentransport sperren [O] | G18: • Schutzmaßnahme gegen Einzug von Kinderhänden nachrüsten [T] | H18: [Prüfbericht: Prüfbericht 16.09.2026 – Einzugsschutz nur bei kraftbetätigten Schiebetüren; Glasfestigkeit getrennt] | I18: offen – geändert (Rev. 2) | L18: =IF(J18<>"",J18,IF($J$15="Freigeben","Freigeben",""))
A19: Regel | B19: MF-T04-R3 | C19: 100 | D19: [7.9 Drahtglas (Gitterglas) verbaut?] = Ja | E19: Niedrig | F19: • Häufige Kontrolle durch Aufzugswärter [O] | G19: • Normgerechtes Glas (z.B. VSG) einbauen oder verschließen und Anwesenheitsanzeige nachrüsten. [T] | H19: TRBS 3121 Anh. 1 Nr. 9: Risiko bei intaktem, sicher befestigtem Drahtglas ausdrücklich niedrig (App K9: gelb). Entschieden 2026-09-02: K-T01. [Freigabe bezog sich auf einen früheren Stand (Regel, abhängige Fragen oder Gefährdungslogik geändert) – neu prüfen] | I19: offen – geändert (Rev. 3) | L19: =IF(J19<>"",J19,IF($J$15="Freigeben","Freigeben",""))
A20: Regel | B20: MF-T04-R4 | C20: 1 | D20: [7.8 Glaseinsätze in Schacht-/Fahrkorbtüren aus normgerechtem Glas (Verbundsicherheitsglas nach EN 81-20 5.3.5.3)?] ist beantwortet | E20: Kein Risiko | F20: • Zustand erhalten; bei der wiederkehrenden Prüfung und der Betreiberkontrolle erneut prüfen [O] | H20: Auffangregel (Mechanik): greift, wenn keine Mangelregel zutrifft und alle Pflichtfragen beantwortet sind. | I20: offen (Auffang) | L20: =IF(J20<>"",J20,IF($J$15="Freigeben","Freigeben",""))
A21: Gefährdung | B21: MF-T05 | D21: Unzureichende Feuerwiderstandsfähigkeit der Schachttüren Faktor: Brand- und Explosionsgefährdung Betroffen: Nutzer Bewertungslogik: Höchste Stufe – alle zutreffenden Regeln zählen, maßgeblich ist die HÖCHSTE STUFE; Maßnahmen aller Treffer werden übernommen. Bewertet, wenn: [7.11 Feuerwiderstandsfähigkeit der Schachttüren (EN 81-58 / bauaufsichtliche Anforderung)] ≠ „Nicht gefordert (kein Brandschutzerfordernis)" Pflichtfragen: 7.11 | H21: EN 81-80: Nr. 36 (5.7.11) DIN EN 81-58 DIN EN 81-20 5.3.1.2 | I21: 2 von 3 offen
A22: Regel | B22: MF-T05-R1 | C22: 100 | D22: [7.11 Feuerwiderstandsfähigkeit der Schachttüren (EN 81-58 / bauaufsichtliche Anforderung)] = „Gefordert, aber nicht gegeben" | E22: Mittel | F22: • Betreiber informieren; Abstimmung mit Brandschutzkonzept / Bauaufsicht [O] | G22: • Schachttüren mit nachgewiesener Feuerwiderstandsfähigkeit (EN 81-58) einbauen [T] | H22: Evidenz: abgeleitet | I22: offen | L22: =IF(J22<>"",J22,IF($J$21="Freigeben","Freigeben",""))
A23: Regel | B23: MF-T05-R2 | C23: 100 | D23: [7.11 Feuerwiderstandsfähigkeit der Schachttüren (EN 81-58 / bauaufsichtliche Anforderung)] = „Unbekannt / kein Nachweis" | E23: Mittel | F23: • Nachweis (Zertifikat, Baugenehmigung) beim Betreiber anfordern [O] | G23: • Feuerwiderstandsanforderung aus dem Brandschutzkonzept klären und dokumentieren [O] | H23: Entschieden 2026-09-02: K-K07. Evidenz: abgeleitet | I23: freigegeben
A24: Regel | B24: MF-T05-R3 | C24: 1 | D24: [7.11 Feuerwiderstandsfähigkeit der Schachttüren (EN 81-58 / bauaufsichtliche Anforderung)] ist beantwortet | E24: Kein Risiko | F24: • Zustand erhalten; bei der wiederkehrenden Prüfung und der Betreiberkontrolle erneut prüfen [O] | H24: Auffangregel (Mechanik): greift, wenn keine Mangelregel zutrifft und alle Pflichtfragen beantwortet sind. | I24: offen (Auffang) | L24: =IF(J24<>"",J24,IF($J$21="Freigeben","Freigeben",""))
A25: Gefährdung | B25: MF-T06 | D25: Fahrkorb ohne Abschlusstür oder ohne Schließkantensicherung Faktor: Mechanische Gefährdung durch bewegte Teile (Quetschen, Scheren, Einziehen) Betroffen: Nutzer Bewertungslogik: Vorrang – es gilt die zutreffende Regel mit der HÖCHSTEN PRIORITÄT (so wirken Kompensationen); bei gleicher Priorität die höhere Stufe. Bewertet, wenn: immer Pflichtfragen: 8.6, 8.9 (wenn [8.6] = Nein), 8.9a (wenn [8.6] = Nein), 8.9b (wenn ([8.6] = Nein UND ([8.9] = Ja ODER [8.9a] = Ja))), 2.1 (wenn ([8.6] = Nein UND ([8.9] = Ja ODER [8.9a] = Ja))), 8.8 (wenn ([8.6] = Ja UND [8.7] = Ja)), 8.7 (wenn [8.6] = Ja), 4.9, 4.12 | H25: EN 81-80: Nr. 25 (5.7.1), Nr. 30 (5.7.6), Nr. 40 (5.8.3) DIN EN 81-20 5.3 DIN EN 81-20 5.3.6 TRBS 3121 Anh. 1 Nr. 10 (Schutz an kraftbetätigten Türen) TRBS 3121 Anh. 1 Nr. 14 (Fahrkorbabschlusstüren) | I25: 10 von 11 offen
A26: Regel | B26: MF-T06-R1 | C26: 300 | D26: [8.6 Fahrkorbabschlusstür vorhanden?] = Nein UND [8.9 Ohne Fahrkorbtür: Sicherheitslichtgitter vorhanden?] = Nein UND [8.9a Ohne Fahrkorbtür: Scherengitter vorhanden?] = Nein | E26: Hoch | F26: • Aufzug für Personentransport sperren [O] | G26: • Fahrkorbtür nachrüsten (ein Sicherheitslichtgitter genügt nur bei Lastenaufzügen mit ausschließlich eingewiesenem Nutzerkreis, TRBS 3121 Anh. 1 Nr. 14 c) [T] | H26: [Prüfbericht: Prüfbericht 16.09.2026 – Lichtgitter-Alternative auf den zulässigen Fall begrenzt] | I26: offen – geändert (Rev. 3) | L26: =IF(J26<>"",J26,IF($J$25="Freigeben","Freigeben",""))
A27: Regel | B27: MF-T06-R2 | C27: 250 | D27: [8.6 Fahrkorbabschlusstür vorhanden?] = Nein UND ([4.9 Nutzung durch Personen mit eingeschränkter Mobilität (Rollstuhl, Rollator, Sehbehinderung) zu erwarten?] = Ja ODER [4.12 Nutzung durch unbeaufsichtigte Kinder zu erwarten (Schule, Kita, Wohnanlage)?] = Ja) | E27: Hoch | F27: • Ohne weitere Schließkantensicherung für Personentransport sperren [O] | G27: • Kabinentür nachrüsten [T] | H27: Entschieden 2026-09-02: K-K09. [Freigabe bezog sich auf einen früheren Stand (Regel, abhängige Fragen oder Gefährdungslogik geändert) – neu prüfen] Evidenz: abgeleitet | I27: offen – geändert (Rev. 3) | L27: =IF(J27<>"",J27,IF($J$25="Freigeben","Freigeben",""))
A28: Regel | B28: MF-T06-R13 | C28: 220 | D28: [8.6 Fahrkorbabschlusstür vorhanden?] = Ja UND [8.8 Schließkantensicherung der Fahrkorbtür] = „Keine Schließkantensicherung" UND ([4.9 Nutzung durch Personen mit eingeschränkter Mobilität (Rollstuhl, Rollator, Sehbehinderung) zu erwarten?] = Ja ODER [4.12 Nutzung durch unbeaufsichtigte Kinder zu erwarten (Schule, Kita, Wohnanlage)?] = Ja) | E28: Hoch | F28: • Aufzug nur für eingeschränkten Personenkreis freigeben und für sonstigen Personentransport sperren [O] | G28: • Lichtgitter nachrüsten [T] | H28: Folgerichtig zur Einzel-Lichtschranke: fehlt die Schließkantensicherung ganz, darf die Stufe nicht günstiger sein. Prüfbericht 20.09.2026: Nutzerkreis Kinder wirkt hier wie bei fehlender Fahrkorbtür (MF-T06-R2). [Prüfbericht: Prüfbericht 16.09.2026 – neu: keine Schließkantensicherung bei mobilitätseingeschränkten Nutzern Hoch] Evidenz: abgeleitet | I28: offen – geändert (Rev. 1) | L28: =IF(J28<>"",J28,IF($J$25="Freigeben","Freigeben",""))
A29: Regel | B29: MF-T06-R14 | C29: 210 | D29: [8.6 Fahrkorbabschlusstür vorhanden?] = Ja UND [8.8 Schließkantensicherung der Fahrkorbtür] = „Einzel-Lichtschranke mit Kraftbegrenzung 150 N / 10 J (ältere Ausführung)" UND ([4.9 Nutzung durch Personen mit eingeschränkter Mobilität (Rollstuhl, Rollator, Sehbehinderung) zu erwarten?] = Ja ODER [4.12 Nutzung durch unbeaufsichtigte Kinder zu erwarten (Schule, Kita, Wohnanlage)?] = Ja) | E29: Hoch | F29: • Aufzug nur für eingeschränkten Personenkreis freigeben und für sonstigen Personentransport sperren [O] | G29: • Lichtgitter nachrüsten [T] | H29: TRBS 3121 Anh. 1 Nr. 10: 150 N + Lichtschranke + 10 J = Mittel, ausdrücklich NICHT bei behinderten, alten oder gebrechlichen Personen. Entschieden 2026-09-02: K-T02. Evidenz: abgeleitet | I29: freigegeben
A30: Regel | B30: MF-T06-R9 | C30: 200 | D30: [8.6 Fahrkorbabschlusstür vorhanden?] = Nein UND [8.9a Ohne Fahrkorbtür: Scherengitter vorhanden?] = Ja UND ([8.9b Ohne Fahrkorbtür: Lastenaufzug, der ausschließlich von eingewiesenen Personen benutzt wird (Einweisung dokumentiert)?] = Ja UND [2.1 Nutzungsart der Anlage] ist eines von „Lastenaufzug mit Personenbegleitung" / „Güteraufzug ohne Personenbeförderung") | E30: Mittel | F30: • Aufzug nur für unterwiesene Personen freigeben und für sonstigen Personentransport sperren [O] | G30: • Kabinentür nachrüsten [T] | H30: [Prüfbericht: Prüfbericht 16.09.2026 – Scherengitter nur mit derselben Voraussetzung wie das Lichtgitter] Evidenz: abgeleitet | I30: offen – geändert (Rev. 2) | L30: =IF(J30<>"",J30,IF($J$25="Freigeben","Freigeben",""))
A31: Regel | B31: MF-T06-R10 | C31: 200 | D31: [8.6 Fahrkorbabschlusstür vorhanden?] = Nein UND [8.9 Ohne Fahrkorbtür: Sicherheitslichtgitter vorhanden?] = Ja UND ([8.9b Ohne Fahrkorbtür: Lastenaufzug, der ausschließlich von eingewiesenen Personen benutzt wird (Einweisung dokumentiert)?] = Ja UND [2.1 Nutzungsart der Anlage] ist eines von „Lastenaufzug mit Personenbegleitung" / „Güteraufzug ohne Personenbeförderung") | E31: Mittel | F31: • Aufzug nur für unterwiesene Personen freigeben und für sonstigen Personentransport sperren [O] | G31: • Kabinentür nachrüsten [T] | H31: [Prüfbericht: B07 – Kompensation nur bei Lastenaufzug mit ausschließlich eingewiesenen Personen] | I31: offen – geändert (Rev. 2) | L31: =IF(J31<>"",J31,IF($J$25="Freigeben","Freigeben",""))
A32: Regel | B32: MF-T06-R5 | C32: 200 | D32: [8.6 Fahrkorbabschlusstür vorhanden?] = Ja UND [8.8 Schließkantensicherung der Fahrkorbtür] = „Keine Schließkantensicherung" | E32: Mittel | F32: • Aufzug nur für eingeschränkten Personenkreis freigeben und für sonstigen Personentransport sperren [O] | G32: • Lichtgitter nachrüsten [T] | I32: offen | L32: =IF(J32<>"",J32,IF($J$25="Freigeben","Freigeben",""))
A33: Regel | B33: MF-T06-R7 | C33: 200 | D33: [8.6 Fahrkorbabschlusstür vorhanden?] = Ja UND [8.8 Schließkantensicherung der Fahrkorbtür] = „Einzel-Lichtschranke mit Kraftbegrenzung 150 N / 10 J (ältere Ausführung)" | E33: Mittel | F33: • Aufzug nur für eingeschränkten Personenkreis freigeben und für sonstigen Personentransport sperren [O] | G33: • Lichtgitter nachrüsten [T] | H33: TRBS 3121 Anh. 1 Nr. 10: ausdrücklich mittleres Risiko. Entschieden 2026-09-02: K-T02. [Freigabe bezog sich auf einen früheren Stand (Regel, abhängige Fragen oder Gefährdungslogik geändert) – neu prüfen] | I33: offen – geändert (Rev. 3) | L33: =IF(J33<>"",J33,IF($J$25="Freigeben","Freigeben",""))
A34: Regel | B34: MF-T06-R15 | C34: 190 | D34: [8.6 Fahrkorbabschlusstür vorhanden?] = Ja UND [8.8 Schließkantensicherung der Fahrkorbtür] = „Andere Schließkantensicherung (Bauart dokumentieren)" | E34: Niedrig | F34: • Bauart der Schließkantensicherung im Bericht benennen und ihre Wirkung beim Schließvorgang erproben [O] | G34: • Wirksamkeit der Schließkantensicherung nachweisen (Kraft- und Energiemessung nach EN 81-20 5.3.6.2.2) oder Lichtgitter nachrüsten [T] | H34: Prüfbericht 20.09.2026: „Andere" war eine Auffangoption ohne Prüfkriterium und damit ohne Bewertung. Jetzt Niedrig mit Nachweispflicht. Evidenz: abgeleitet | I34: offen | L34: =IF(J34<>"",J34,IF($J$25="Freigeben","Freigeben",""))
A35: Regel | B35: MF-T06-R11 | C35: 150 | D35: [8.6 Fahrkorbabschlusstür vorhanden?] = Nein UND ([8.9 Ohne Fahrkorbtür: Sicherheitslichtgitter vorhanden?] = Ja ODER [8.9a Ohne Fahrkorbtür: Scherengitter vorhanden?] = Ja) | E35: Hoch | F35: • Aufzug für die Personenbeförderung durch nicht eingewiesene Personen sperren [O] | G35: • Fahrkorbtür nachrüsten (Lichtgitter oder Scherengitter genügen nur bei Lastenaufzügen mit ausschließlich eingewiesenem Nutzerkreis) [T] | H35: [Prüfbericht: B07/Prüfbericht 16.09.2026 – Ersatzlösung ohne diese Voraussetzung ist keine zulässige Kompensation] | I35: offen – geändert (Rev. 2) | L35: =IF(J35<>"",J35,IF($J$25="Freigeben","Freigeben",""))
A36: Regel | B36: MF-T06-R8 | C36: 1 | D36: [8.6 Fahrkorbabschlusstür vorhanden?] ist beantwortet | E36: Kein Risiko | F36: • Zustand erhalten; bei der wiederkehrenden Prüfung und der Betreiberkontrolle erneut prüfen [O] | H36: Auffangregel (Mechanik): greift, wenn keine Mangelregel zutrifft und alle Pflichtfragen beantwortet sind. | I36: offen (Auffang) | L36: =IF(J36<>"",J36,IF($J$25="Freigeben","Freigeben",""))

Sheet K Fahrkorb
A1: Art | B1: Code | C1: Prio | D1: Gefährdung / Bedingung | E1: Stufe | F1: Sofortmaßnahme | G1: Mittelfristige Maßnahme | H1: Hinweis / Quelle | I1: Status | J1: Entscheidung | K1: Korrektur | L1: wirksam
A2: Gefährdung | B2: MF-K01 | D2: Fehlende oder unzulängliche Notrufeinrichtung im Fahrkorb Faktor: Sonstige Gefährdung durch fehlende oder unzureichende Notfallorganisation Betroffen: Nutzer, Beauftragte Person Bewertungslogik: Höchste Stufe – alle zutreffenden Regeln zählen, maßgeblich ist die HÖCHSTE STUFE; Maßnahmen aller Treffer werden übernommen. Bewertet, wenn: immer Pflichtfragen: 8.1, 8.2 (wenn [8.1] = Ja), 8.3 (wenn [8.2] ist eines von „Sprechverbindung zu ständig besetzter Stelle" / „Klingel zu ständig besetzter Stelle") | H2: EN 81-80: Nr. 71 (5.14.3) DIN EN 81-20 5.12.3 DIN EN 81-28 BetrSichV Anh. 1 Nr. 4.1 | I2: 4 von 4 offen
A3: Regel | B3: MF-K01-R1 | C3: 100 | D3: [8.1 Notrufeinrichtung im Fahrkorb vorhanden?] = Nein | E3: Hoch | F3: • Aufzug für Personentransport sperren [O] | G3: • Notrufsystem mit Sprechverbindung installieren [T] | I3: offen | L3: =IF(J3<>"",J3,IF($J$2="Freigeben","Freigeben",""))
A4: Regel | B4: MF-K01-R7 | C4: 100 | D4: [8.2 Art der Notrufeinrichtung] ist eines von „Klingel im Schacht ohne Weiterleitung" / „Sprechverbindung oder Klingel zu nicht ständig besetzter Stelle" / „Klingel zu ständig besetzter Stelle" | E4: Mittel | F4: • Aufzug nur für unterwiesene Personen freigeben und für sonstigen Personentransport sperren [O] | G4: • Notrufsystem mit Sprechverbindung installieren [T] | H4: Prüfbericht 20.09.2026: drei wortgleiche Einzelregeln (Klingel im Schacht, nicht ständig besetzt, Klingel zu ständig besetzter Stelle) zu einer zusammengefasst – alle verlangen dieselbe Maßnahme (Sprechverbindung nach EN 81-28). | I4: offen | L4: =IF(J4<>"",J4,IF($J$2="Freigeben","Freigeben",""))
A5: Regel | B5: MF-K01-R5 | C5: 100 | D5: [8.3 Nachweis: Notruf auf eine rund um die Uhr besetzte Stelle aufgeschaltet (Aufschaltbestätigung, Testruf)?] = Nein | E5: Mittel | F5: • Betreiber informieren; Erreichbarkeit der Notrufstelle außerhalb der Betriebszeiten regeln [O] | G5: • Notruf auf einen 24 h besetzten Notrufdienst (EN 81-28) aufschalten [T] | H5: Entschieden 2026-09-02: K-K01. [Freigabe bezog sich auf einen früheren Stand (Regel, abhängige Fragen oder Gefährdungslogik geändert) – neu prüfen] Evidenz: abgeleitet | I5: offen – geändert (Rev. 3) | L5: =IF(J5<>"",J5,IF($J$2="Freigeben","Freigeben",""))
A6: Regel | B6: MF-K01-R6 | C6: 1 | D6: [8.1 Notrufeinrichtung im Fahrkorb vorhanden?] ist beantwortet | E6: Kein Risiko | F6: • Zustand erhalten; bei der wiederkehrenden Prüfung und der Betreiberkontrolle erneut prüfen [O] | H6: Auffangregel (Mechanik): greift, wenn keine Mangelregel zutrifft und alle Pflichtfragen beantwortet sind. | I6: offen (Auffang) | L6: =IF(J6<>"",J6,IF($J$2="Freigeben","Freigeben",""))
A7: Gefährdung | B7: MF-K02 | D7: Fehlende oder unzulängliche Notbeleuchtung im Fahrkorb Faktor: Gefährdung durch Arbeitsumgebungsbedingungen (unzureichende Beleuchtung) Betroffen: Nutzer Bewertungslogik: Vorrang – es gilt die zutreffende Regel mit der HÖCHSTEN PRIORITÄT (so wirken Kompensationen); bei gleicher Priorität die höhere Stufe. Bewertet, wenn: immer Pflichtfragen: 8.5 | H7: EN 81-80: Nr. 46 (5.8.8.2) DIN EN 81-20 5.4.10.4 | I7: 3 von 3 offen
A8: Regel | B8: MF-K02-R1 | C8: 100 | D8: [8.5 Notbeleuchtung im Fahrkorb] = „Keine Notbeleuchtung" | E8: Hoch | F8: • Betreiber informieren; Verhalten bei Stromausfall im Notfallplan festlegen und Notbeleuchtung kurzfristig nachrüsten lassen [O] | G8: • Beleuchtung nachrüsten [T] | H8: [Prüfbericht 16.09.2026: konkrete Sofortmaßnahme statt „Vorsicht“] Frühere Klärung (vor der Änderung entschieden): K-K02 | I8: offen – geändert (Rev. 2) | L8: =IF(J8<>"",J8,IF($J$7="Freigeben","Freigeben",""))
A9: Regel | B9: MF-K02-R2 | C9: 100 | D9: [8.5 Notbeleuchtung im Fahrkorb] = „Keine Notbeleuchtung, aber beleuchteter Notruftaster" | E9: Niedrig | F9: • Beleuchtung des Notruftasters bei Netzausfall prüfen; Verhalten bei Stromausfall im Notfallplan festlegen [O] | G9: • Notbeleuchtung nach DIN EN 81-20 5.4.10.4 nachrüsten (mind. 5 lx am Notrufauslöser, 1 h) [T] | H9: App K10: Leuchte ohne Netzersatzfunktion, jedoch beleuchteter Notruf-Taster = grün. [Prüfbericht: Prüfbericht 16.09.2026 – Tasterbeleuchtung ersetzt keine Notbeleuchtung: Niedrig statt Kein Risiko] Evidenz: abgeleitet | I9: offen – geändert (Rev. 2) | L9: =IF(J9<>"",J9,IF($J$7="Freigeben","Freigeben",""))
A10: Regel | B10: MF-K02-R3 | C10: 1 | D10: [8.5 Notbeleuchtung im Fahrkorb] ist beantwortet | E10: Kein Risiko | F10: • Zustand erhalten; bei der wiederkehrenden Prüfung und der Betreiberkontrolle erneut prüfen [O] | H10: Auffangregel (Mechanik): greift, wenn keine Mangelregel zutrifft und alle Pflichtfragen beantwortet sind. | I10: offen (Auffang) | L10: =IF(J10<>"",J10,IF($J$7="Freigeben","Freigeben",""))
A11: Gefährdung | B11: MF-K03 | D11: Unzureichende Haltegenauigkeit / Stufenbildung an den Haltestellen Faktor: Mechanische Gefährdung durch Stolpern, Rutschen, Stürzen Betroffen: Nutzer Bewertungslogik: Vorrang – es gilt die zutreffende Regel mit der HÖCHSTEN PRIORITÄT (so wirken Kompensationen); bei gleicher Priorität die höhere Stufe. Bewertet, wenn: immer Pflichtfragen: 8.10, 4.9 | H11: EN 81-80: Nr. 3 (5.2.2) DIN EN 81-20 5.12.1.1.4 TRBS 3121 Anh. 1 Nr. 1 (Anhalte- und Nachregulierungsgenauigkeit) | I11: 4 von 4 offen
A12: Regel | B12: MF-K03-R1 | C12: 300 | D12: [8.10 Größte Stufenbildung / Haltegenauigkeit an den Haltestellen] ist eines von „über 20 mm" | E12: Hoch | F12: • Aufzug nur für unterwiesene Personen freigeben und für sonstigen Personentransport sperren [O] | G12: • Motorregelung oder andere technische Maßnahme nachrüsten [T] | I12: offen | L12: =IF(J12<>"",J12,IF($J$11="Freigeben","Freigeben",""))
A13: Regel | B13: MF-K03-R2 | C13: 250 | D13: [8.10 Größte Stufenbildung / Haltegenauigkeit an den Haltestellen] ist eines von „11–20 mm" / „über 20 mm" UND [4.9 Nutzung durch Personen mit eingeschränkter Mobilität (Rollstuhl, Rollator, Sehbehinderung) zu erwarten?] = Ja | E13: Hoch | F13: • Aufzug nur für unterwiesene Personen freigeben und für sonstigen Personentransport sperren [O] | G13: • Motorregelung oder andere technische Maßnahme nachrüsten [T] | H13: Entschieden 2026-09-02: K-K03. [Freigabe bezog sich auf einen früheren Stand (Regel, abhängige Fragen oder Gefährdungslogik geändert) – neu prüfen] Evidenz: abgeleitet | I13: offen – geändert (Rev. 4) | L13: =IF(J13<>"",J13,IF($J$11="Freigeben","Freigeben",""))
A14: Regel | B14: MF-K03-R3 | C14: 200 | D14: [8.10 Größte Stufenbildung / Haltegenauigkeit an den Haltestellen] ist eines von „11–20 mm" / „über 20 mm" | E14: Mittel | F14: • Aufzug/Bremse/Motorregelung einstellen [O] | G14: • Haltegenauigkeit auf ±10 mm und Nachregulierung auf ±20 mm herstellen (geregelter Antrieb, Nachstelleinrichtung bzw. geregeltes Ventil) [T] | H14: Entscheidung 02.09.2026: kein Warnhinweis als Kompensation, bleibt Mittel. [Prüfbericht: H11 – mittelfristige Maßnahme ergänzt] Frühere Klärung (vor der Änderung entschieden): K-K10 | I14: offen – geändert (Rev. 4) | L14: =IF(J14<>"",J14,IF($J$11="Freigeben","Freigeben",""))
A15: Regel | B15: MF-K03-R4 | C15: 1 | D15: [8.10 Größte Stufenbildung / Haltegenauigkeit an den Haltestellen] ist beantwortet | E15: Kein Risiko | F15: • Zustand erhalten; bei der wiederkehrenden Prüfung und der Betreiberkontrolle erneut prüfen [O] | H15: Auffangregel (Mechanik): greift, wenn keine Mangelregel zutrifft und alle Pflichtfragen beantwortet sind. | I15: offen (Auffang) | L15: =IF(J15<>"",J15,IF($J$11="Freigeben","Freigeben",""))
A16: Gefährdung | B16: MF-K04 | D16: Unzureichende Fahrkorbtürschürze Faktor: Mechanische Gefährdung durch Absturz in den Schacht Betroffen: Nutzer, Wartungspersonal Bewertungslogik: Vorrang – es gilt die zutreffende Regel mit der HÖCHSTEN PRIORITÄT (so wirken Kompensationen); bei gleicher Priorität die höhere Stufe. Bewertet, wenn: immer Pflichtfragen: 8.12, 8.13 (wenn [8.12] ist eines von „unter 300 mm oder keine Schürze") | H16: EN 81-80: Nr. 39 (5.8.2) DIN EN 81-20 5.4.5 TRBS 3121 Anh. 1 Nr. 13 (Fahrkorbschürze) | I16: 4 von 4 offen
A17: Regel | B17: MF-K04-R1 | C17: 300 | D17: [8.12 Fahrkorbtürschürze] ist eines von „unter 300 mm oder keine Schürze" UND [8.13 Personenbefreiung ausschließlich durch fachkundige Personen (Betriebsanweisung, keine Selbstbefreiung durch Aufzugswärter)?] = Ja | E17: Mittel | F17: • Personenbefreiung nur durch fachkundige Personen und nur mit dem Fahrkorb in der Entriegelungszone; Schachtöffnung unter dem Fahrkorb sichern [O] | G17: • Kabinentürschürze nachrüsten [T] | H17: [Prüfbericht 16.09.2026: konkrete Sofortmaßnahme statt „Vorsicht“] | I17: offen – geändert (Rev. 4) | L17: =IF(J17<>"",J17,IF($J$16="Freigeben","Freigeben",""))
A18: Regel | B18: MF-K04-R2 | C18: 200 | D18: [8.12 Fahrkorbtürschürze] ist eines von „unter 300 mm oder keine Schürze" | E18: Hoch | F18: • Personenbefreiung nur durch fachkundige Personen und nur mit dem Fahrkorb in der Entriegelungszone; Schachtöffnung unter dem Fahrkorb sichern [O] | G18: • Kabinentürschürze nachrüsten [T] | H18: [Prüfbericht 16.09.2026: konkrete Sofortmaßnahme statt „Vorsicht“] | I18: offen – geändert (Rev. 4) | L18: =IF(J18<>"",J18,IF($J$16="Freigeben","Freigeben",""))
A19: Regel | B19: MF-K04-R3 | C19: 100 | D19: [8.12 Fahrkorbtürschürze] ist eines von „300–749 mm" / „unter 300 mm oder keine Schürze" | E19: Mittel | F19: • Personenbefreiung nur durch fachkundige Personen und nur mit dem Fahrkorb in der Entriegelungszone; Schachtöffnung unter dem Fahrkorb sichern [O] | G19: • Kabinentürschürze nachrüsten [T] | H19: [Prüfbericht 16.09.2026: konkrete Sofortmaßnahme statt „Vorsicht“] | I19: offen – geändert (Rev. 4) | L19: =IF(J19<>"",J19,IF($J$16="Freigeben","Freigeben",""))
A20: Regel | B20: MF-K04-R4 | C20: 1 | D20: [8.12 Fahrkorbtürschürze] ist beantwortet | E20: Kein Risiko | F20: • Zustand erhalten; bei der wiederkehrenden Prüfung und der Betreiberkontrolle erneut prüfen [O] | H20: Auffangregel (Mechanik): greift, wenn keine Mangelregel zutrifft und alle Pflichtfragen beantwortet sind. | I20: offen (Auffang) | L20: =IF(J20<>"",J20,IF($J$16="Freigeben","Freigeben",""))
A21: Gefährdung | B21: MF-K05 | D21: Zu großer Abstand zwischen Fahrkorbschwelle und Schachtwand Faktor: Mechanische Gefährdung durch Absturz in den Schacht Betroffen: Nutzer Bewertungslogik: Vorrang – es gilt die zutreffende Regel mit der HÖCHSTEN PRIORITÄT (so wirken Kompensationen); bei gleicher Priorität die höhere Stufe. Bewertet, wenn: immer Pflichtfragen: 8.14, 4.12 (wenn [8.14] = Ja), 8.15 (wenn [8.14] = Ja), 8.15a (wenn [8.14] = Ja) | H21: EN 81-80: Nr. 37 (5.7.12), Nr. 59 (5.11.2) DIN EN 81-20 5.2.5.3.1 TRBS 3121 Anh. 1 Nr. 19 (Verriegelung der Fahrkorbtür bei großem Schachtwandabstand) | I21: 5 von 5 offen
A22: Regel | B22: MF-K05-R1 | C22: 200 | D22: [8.14 Abstand Fahrkorbschwelle – Schachtwand über 150 mm?] = Ja UND [8.15 Fahrkorbtür-Verriegelung (Fahrkorbtür außerhalb der Entriegelungszone verriegelt)?] = Ja UND [8.15a Zusatzverriegelung an den Schachttüren vorhanden?] = Ja | E22: Kein Risiko | H22: Entscheidung 02.09.2026: Kein Risiko nur mit Fahrkorbtür-Verriegelung UND Zusatzverriegelung an der Schachttür. Entschieden 2026-09-02: K-K04. [Freigabe bezog sich auf einen früheren Stand (Regel, abhängige Fragen oder Gefährdungslogik geändert) – neu prüfen] | I22: offen – geändert (Rev. 4) | L22: =IF(J22<>"",J22,IF($J$21="Freigeben","Freigeben",""))
A23: Regel | B23: MF-K05-R4 | C23: 190 | D23: [8.14 Abstand Fahrkorbschwelle – Schachtwand über 150 mm?] = Ja UND (([8.15 Fahrkorbtür-Verriegelung (Fahrkorbtür außerhalb der Entriegelungszone verriegelt)?] = Ja UND [8.15a Zusatzverriegelung an den Schachttüren vorhanden?] = Nein) ODER ([8.15 Fahrkorbtür-Verriegelung (Fahrkorbtür außerhalb der Entriegelungszone verriegelt)?] = Nein UND [8.15a Zusatzverriegelung an den Schachttüren vorhanden?] = Ja)) | E23: Niedrig | F23: • Nutzer über die Absturzgefahr bei Selbstbefreiung unterweisen [O] | G23: • Zweite Maßnahme (Fahrkorbtür-Verriegelung bzw. Zusatzverriegelung der Schachttüren) bei der nächsten Modernisierung ergänzen [T] | H23: TRBS 3121 Anh. 1 Nr. 19 ist mit einer der Alternativen a) oder b) erfüllt. EIGENER STANDARD (strenger): Kein Risiko erst mit beiden Maßnahmen (K-K04). [Prüfbericht: Prüfbericht 16.09.2026 – TRBS-Alternative und eigener Standard getrennt] Evidenz: abgeleitet | I23: offen – geändert (Rev. 3) | L23: =IF(J23<>"",J23,IF($J$21="Freigeben","Freigeben",""))
A24: Regel | B24: MF-K05-R5 | C24: 150 | D24: [8.14 Abstand Fahrkorbschwelle – Schachtwand über 150 mm?] = Ja UND [4.12 Nutzung durch unbeaufsichtigte Kinder zu erwarten (Schule, Kita, Wohnanlage)?] = Ja | E24: Hoch | F24: • Nutzer über die Absturzgefahr bei Selbstbefreiung unterweisen; Personenbefreiung nur durch fachkundige Personen [O] | G24: • Fahrkorbtür-Verriegelung außerhalb der Entriegelungszone oder Zusatzverriegelung an den Schachttüren nachrüsten oder Abstand auf unter 150 mm reduzieren [T] | H24: EIGENER STANDARD (strenger als TRBS 3121 Anh. 1 Nr. 19, dort bis Mittel): Hoch bei Nutzung durch Kinder. [Prüfbericht: Prüfbericht 16.09.2026 – neu: Nutzerkreis Kinder] Evidenz: abgeleitet | I24: offen – geändert (Rev. 3) | L24: =IF(J24<>"",J24,IF($J$21="Freigeben","Freigeben",""))
A25: Regel | B25: MF-K05-R2 | C25: 100 | D25: [8.14 Abstand Fahrkorbschwelle – Schachtwand über 150 mm?] = Ja | E25: Mittel | F25: • Nutzer über die Absturzgefahr bei Selbstbefreiung unterweisen; Personenbefreiung nur durch fachkundige Personen [O] | G25: • Fahrkorbtür-Verriegelung außerhalb der Entriegelungszone oder Zusatzverriegelung an den Schachttüren nachrüsten oder Abstand auf unter 150 mm reduzieren [T] | H25: TRBS 3121 Anh. 1 Nr. 19: bei Altanlagen niedrig bis mittel je nach Benutzerkreis. [Prüfbericht: Prüfbericht 16.09.2026 – Hoch auf Mittel; Hoch nur bei Nutzung durch Kinder] | I25: offen – geändert (Rev. 4) | L25: =IF(J25<>"",J25,IF($J$21="Freigeben","Freigeben",""))
A26: Regel | B26: MF-K05-R3 | C26: 1 | D26: [8.14 Abstand Fahrkorbschwelle – Schachtwand über 150 mm?] ist beantwortet | E26: Kein Risiko | F26: • Zustand erhalten; bei der wiederkehrenden Prüfung und der Betreiberkontrolle erneut prüfen [O] | H26: Auffangregel (Mechanik): greift, wenn keine Mangelregel zutrifft und alle Pflichtfragen beantwortet sind. | I26: offen (Auffang) | L26: =IF(J26<>"",J26,IF($J$21="Freigeben","Freigeben",""))
A27: Gefährdung | B27: MF-K06 | D27: Fehlende Kennzeichnung der Nennlast, unpassende Nutzfläche oder fehlende Überlastkontrolle Faktor: Mechanische Gefährdung durch Überlastung und unkontrollierte Bewegung Betroffen: Nutzer Bewertungslogik: Höchste Stufe – alle zutreffenden Regeln zählen, maßgeblich ist die HÖCHSTE STUFE; Maßnahmen aller Treffer werden übernommen. Bewertet, wenn: immer Pflichtfragen: 8.16, 8.17, 8.18, 8.18a (wenn [8.18] = Ja), 2.1 | H27: EN 81-80: Nr. 38 (5.8.1), Nr. 73 (5.14.5) DIN EN 81-20 5.4.2 DIN EN 81-20 5.12.1.2 | I27: 5 von 6 offen
A28: Regel | B28: MF-K06-R1 | C28: 100 | D28: [8.17 Nutzfläche des Fahrkorbs passt zur Nennlast (Tabelle EN 81-20 5.4.2)?] = Nein | E28: Hoch | F28: • Beladung begrenzen und Nutzer unterweisen, Personenbeförderung einschränken [O] | G28: • Nutzfläche verkleinern oder Nennlast anpassen und die Anlage neu bewerten lassen [T] | I28: offen | L28: =IF(J28<>"",J28,IF($J$27="Freigeben","Freigeben",""))
A29: Regel | B29: MF-K06-R2 | C29: 100 | D29: [8.18 Überlastkontrolle / Lastmessung vorhanden?] = Nein UND [2.1 Nutzungsart der Anlage] ist eines von „Lastenaufzug mit Personenbegleitung" / „Güteraufzug ohne Personenbeförderung" / „Personen- und Lastenaufzug" | E29: Hoch | F29: • Aufzug nur für unterwiesene Personen freigeben und für sonstigen Personentransport sperren [O] | G29: • Überlastsicherung nachrüsten [T] | I29: offen | L29: =IF(J29<>"",J29,IF($J$27="Freigeben","Freigeben",""))
A30: Regel | B30: MF-K06-R3 | C30: 100 | D30: [8.18 Überlastkontrolle / Lastmessung vorhanden?] = Nein | E30: Mittel | F30: • Beladung organisatorisch begrenzen und überwachen [O] | G30: • Überlasteinrichtung nachrüsten [T] | I30: offen | L30: =IF(J30<>"",J30,IF($J$27="Freigeben","Freigeben",""))
A31: Regel | B31: MF-K06-R4 | C31: 100 | D31: [8.16 Nennlast und zulässige Personenzahl im Fahrkorb gekennzeichnet?] = Nein | E31: Mittel | F31: • Kennzeichnung provisorisch anbringen und Nutzer unterweisen [O] | G31: • Dauerhafte Kennzeichnung von Nennlast und zulässiger Personenzahl im Fahrkorb anbringen [O] | I31: offen | L31: =IF(J31<>"",J31,IF($J$27="Freigeben","Freigeben",""))
A32: Regel | B32: MF-K06-R5 | C32: 100 | D32: [8.18a Funktion der Überlastkontrolle nachweislich geprüft?] = Nein | E32: Niedrig | F32: • Funktion der Überlastkontrolle prüfen lassen [O] | G32: • Überlastkontrolle in die wiederkehrende Prüfung aufnehmen und dokumentieren [O] | H32: Entschieden 2026-09-02: K-K05. | I32: freigegeben
A33: Regel | B33: MF-K06-R6 | C33: 1 | D33: [8.16 Nennlast und zulässige Personenzahl im Fahrkorb gekennzeichnet?] ist beantwortet | E33: Kein Risiko | F33: • Zustand erhalten; bei der wiederkehrenden Prüfung und der Betreiberkontrolle erneut prüfen [O] | H33: Auffangregel (Mechanik): greift, wenn keine Mangelregel zutrifft und alle Pflichtfragen beantwortet sind. | I33: offen (Auffang) | L33: =IF(J33<>"",J33,IF($J$27="Freigeben","Freigeben",""))
A34: Gefährdung | B34: MF-K07 | D34: Unzureichende Lüftung des Fahrkorbs Faktor: Gefährdung durch Arbeitsumgebungsbedingungen (Klima, Lärm, Emissionen) Betroffen: Nutzer Bewertungslogik: Vorrang – es gilt die zutreffende Regel mit der HÖCHSTEN PRIORITÄT (so wirken Kompensationen); bei gleicher Priorität die höhere Stufe. Bewertet, wenn: immer Pflichtfragen: 8.19 | H34: EN 81-80: Nr. 44 (5.8.7) DIN EN 81-20 5.4.9 | I34: 4 von 4 offen
A35: Regel | B35: MF-K07-R1 | C35: 100 | D35: [8.19 Lüftung des Fahrkorbs] = „Lüftungsöffnungen fehlen oder unzureichend" | E35: Hoch | F35: • Aufenthaltsdauer begrenzen und Notbefreiung sicherstellen [O] | G35: • Lüftungsöffnungen nach DIN EN 81-20, 5.4.9 herstellen [T] | I35: offen | L35: =IF(J35<>"",J35,IF($J$34="Freigeben","Freigeben",""))
A36: Regel | B36: MF-K07-R2 | C36: 100 | D36: [8.19 Lüftung des Fahrkorbs] = „Lüftungsöffnungen teilweise verdeckt oder verschmutzt" | E36: Mittel | F36: • Öffnungen freimachen und reinigen [O] | G36: • Reinigung der Lüftungsöffnungen in den Wartungsplan aufnehmen [O] | I36: offen | L36: =IF(J36<>"",J36,IF($J$34="Freigeben","Freigeben",""))
A37: Regel | B37: MF-K07-R3 | C37: 100 | D37: [8.19 Lüftung des Fahrkorbs] = „Keine Zwangsbelüftung bei langen Fahrzeiten / hoher Belegung" | E37: Mittel | F37: • Belegung und Fahrzeiten beobachten [O] | G37: • Zwangsbelüftung des Fahrkorbs nachrüsten [T] | I37: offen | L37: =IF(J37<>"",J37,IF($J$34="Freigeben","Freigeben",""))
A38: Regel | B38: MF-K07-R4 | C38: 1 | D38: [8.19 Lüftung des Fahrkorbs] ist beantwortet | E38: Kein Risiko | F38: • Zustand erhalten; bei der wiederkehrenden Prüfung und der Betreiberkontrolle erneut prüfen [O] | H38: Auffangregel (Mechanik): greift, wenn keine Mangelregel zutrifft und alle Pflichtfragen beantwortet sind. | I38: offen (Auffang) | L38: =IF(J38<>"",J38,IF($J$34="Freigeben","Freigeben",""))
A39: Gefährdung | B39: MF-K08 | D39: Fehlende Brandfallsteuerung trotz Anforderung im Brandschutzkonzept Faktor: Brand- und Explosionsgefährdung Betroffen: Nutzer, Feuerwehr Bewertungslogik: Höchste Stufe – alle zutreffenden Regeln zählen, maßgeblich ist die HÖCHSTE STUFE; Maßnahmen aller Treffer werden übernommen. Bewertet, wenn: [4.11 Fordert das Brandschutzkonzept des Gebäudes eine Brandfallsteuerung?] = Ja Pflichtfragen: 8.21, 8.21b (wenn [8.21] = Ja), 8.21a (wenn [8.21] = Ja) | H39: EN 81-80: Nr. 5 (5.4) DIN EN 81-73 TRBS 3121 Anh. 4 | I39: 5 von 5 offen
A40: Regel | B40: MF-K08-R1 | C40: 100 | D40: [8.21 Brandfallsteuerung vorhanden?] = Nein | E40: Hoch | F40: • Betreiber und Brandschutzbeauftragten informieren, Ersatzmaßnahmen festlegen [O] | G40: • Brandfallsteuerung nach DIN EN 81-73 nachrüsten [T] | I40: offen | L40: =IF(J40<>"",J40,IF($J$39="Freigeben","Freigeben",""))
A41: Regel | B41: MF-K08-R4 | C41: 100 | D41: [8.21b Auslösung der Brandfallsteuerung] = „Nur manuell (Schlüsselschalter, Taster, Feuerwehr)" | E41: Mittel | F41: • Feuerwehr und Brandschutzbeauftragten über die nur manuelle Auslösung informieren; Auslösestelle kennzeichnen [O] | G41: • Ansteuerung der Brandfallsteuerung aus der Brandmeldeanlage nach DIN EN 81-73 herstellen [T] | H41: Prüfbericht 20.09.2026: aus der bisherigen Doppelfrage 8.21 herausgelöst – fehlt nur die Einbindung, ist nicht die ganze Brandfallsteuerung nachzurüsten. Evidenz: abgeleitet | I41: offen | L41: =IF(J41<>"",J41,IF($J$39="Freigeben","Freigeben",""))
A42: Regel | B42: MF-K08-R5 | C42: 100 | D42: [8.21b Auslösung der Brandfallsteuerung] = „Einbindung in das Brandschutzkonzept unbekannt" | E42: Mittel | F42: • Einbindung des Aufzugs in das Brandschutzkonzept beim Betreiber klären [O] | G42: • Brandschutzkonzept und Ansteuerung dokumentieren und in die Prüfung aufnehmen [O] | H42: Entspricht dem Istzustand „Einbindung des Aufzugs in das Brandschutzkonzept unbekannt" der VFA-/Riedl-Vorlage. Evidenz: abgeleitet | I42: offen | L42: =IF(J42<>"",J42,IF($J$39="Freigeben","Freigeben",""))
A43: Regel | B43: MF-K08-R2 | C43: 100 | D43: [8.21a Funktion der Brandfallsteuerung regelmäßig geprüft (Nachweis der Wartung/Prüfung der Aufzugsanlage)?] = Nein | E43: Mittel | F43: • Funktionsprüfung veranlassen [O] | G43: • Funktionsprüfung in Wartung und wiederkehrende Prüfung aufnehmen [O] | I43: offen | L43: =IF(J43<>"",J43,IF($J$39="Freigeben","Freigeben",""))
A44: Regel | B44: MF-K08-R3 | C44: 1 | D44: [8.21 Brandfallsteuerung vorhanden?] ist beantwortet | E44: Kein Risiko | F44: • Zustand erhalten; bei der wiederkehrenden Prüfung und der Betreiberkontrolle erneut prüfen [O] | H44: Auffangregel (Mechanik): greift, wenn keine Mangelregel zutrifft und alle Pflichtfragen beantwortet sind. | I44: offen (Auffang) | L44: =IF(J44<>"",J44,IF($J$39="Freigeben","Freigeben",""))
A45: Gefährdung | B45: MF-K09 | D45: Fehlender Hinweis „Aufzug im Brandfall nicht benutzen" Faktor: Brand- und Explosionsgefährdung Betroffen: Nutzer Bewertungslogik: Vorrang – es gilt die zutreffende Regel mit der HÖCHSTEN PRIORITÄT (so wirken Kompensationen); bei gleicher Priorität die höhere Stufe. Bewertet, wenn: immer Pflichtfragen: 8.20 | H45: EN 81-80: Nr. 5 (5.4) DIN EN 81-73 5.3 DIN EN 81-20 7.2 | I45: 2 von 2 offen
A46: Regel | B46: MF-K09-R1 | C46: 100 | D46: [8.20 Hinweisschild „Aufzug im Brandfall nicht benutzen" an allen Haltestellen vorhanden und lesbar?] = Nein | E46: Mittel | F46: • Provisorischen Hinweis an den Haltestellen anbringen [O] | G46: • Dauerhafte Beschilderung an allen Haltestellen anbringen [O] | I46: offen | L46: =IF(J46<>"",J46,IF($J$45="Freigeben","Freigeben",""))
A47: Regel | B47: MF-K09-R2 | C47: 1 | D47: [8.20 Hinweisschild „Aufzug im Brandfall nicht benutzen" an allen Haltestellen vorhanden und lesbar?] ist beantwortet | E47: Kein Risiko | F47: • Zustand erhalten; bei der wiederkehrenden Prüfung und der Betreiberkontrolle erneut prüfen [O] | H47: Auffangregel (Mechanik): greift, wenn keine Mangelregel zutrifft und alle Pflichtfragen beantwortet sind. | I47: offen (Auffang) | L47: =IF(J47<>"",J47,IF($J$45="Freigeben","Freigeben",""))
A48: Gefährdung | B48: MF-K10 | D48: Eingeschränkte Zugänglichkeit für Personen mit eingeschränkter Mobilität Faktor: Mechanische Gefährdung durch Stolpern, Rutschen, Stürzen Betroffen: Nutzer Bewertungslogik: Höchste Stufe – alle zutreffenden Regeln zählen, maßgeblich ist die HÖCHSTE STUFE; Maßnahmen aller Treffer werden übernommen. Bewertet, wenn: ([4.9 Nutzung durch Personen mit eingeschränkter Mobilität (Rollstuhl, Rollator, Sehbehinderung) zu erwarten?] = Ja ODER [4.9a Barrierefreie Ausführung gefordert (Baugenehmigung, Nutzungskonzept, öffentlich zugängliches Gebäude)?] = Ja) Pflichtfragen: 8.22, 8.23 (wenn [8.22] = Nein), 8.24 (wenn [8.22] = Nein) | H48: EN 81-80: Nr. 2 (5.2.1) DIN EN 81-70 | I48: 4 von 4 offen
A49: Regel | B49: MF-K10-R1 | C49: 100 | D49: [8.24 Fahrkorbabmessungen für Rollstuhlnutzung ausreichend (mind. 1,00 m × 1,25 m, Fahrkorbtyp 1 nach DIN EN 81-70:2022-12)?] = Nein | E49: Hoch | F49: • Alternative barrierefreie Zugangsmöglichkeit festlegen und ausschildern [O] | G49: • Umbau oder Ersatz der Anlage prüfen [O] | I49: offen | L49: =IF(J49<>"",J49,IF($J$48="Freigeben","Freigeben",""))
A50: Regel | B50: MF-K10-R2 | C50: 100 | D50: [8.22 Anlage nach DIN EN 81-70 barrierefrei ausgeführt?] = Nein | E50: Mittel | F50: • Betreiber auf die fehlende barrierefreie Ausführung hinweisen; alternative Zugangsmöglichkeit benennen [O] | G50: • Nachrüstung nach DIN EN 81-70 prüfen (Bedienelemente, Handlauf, Spiegel, akustische Ansage) [O] | H50: Prüfbericht 20.09.2026: Sofortmaßnahme („Bündigkeit und Türoffenhaltezeit prüfen") passte nicht zur Frage; 8.23/8.24 sind jetzt Teilaspekte von 8.22. | I50: offen | L50: =IF(J50<>"",J50,IF($J$48="Freigeben","Freigeben",""))
A51: Regel | B51: MF-K10-R3 | C51: 100 | D51: [8.23 Bedienelemente in erreichbarer Höhe und ertastbar?] = Nein | E51: Mittel | F51: • Nutzer unterweisen und Hilfestellung organisieren [O] | G51: • Bedienelemente nach DIN EN 81-70 versetzen oder ersetzen [T] | I51: offen | L51: =IF(J51<>"",J51,IF($J$48="Freigeben","Freigeben",""))
A52: Regel | B52: MF-K10-R4 | C52: 1 | D52: [8.22 Anlage nach DIN EN 81-70 barrierefrei ausgeführt?] ist beantwortet | E52: Kein Risiko | F52: • Zustand erhalten; bei der wiederkehrenden Prüfung und der Betreiberkontrolle erneut prüfen [O] | H52: Auffangregel (Mechanik): greift, wenn keine Mangelregel zutrifft und alle Pflichtfragen beantwortet sind. | I52: offen (Auffang) | L52: =IF(J52<>"",J52,IF($J$48="Freigeben","Freigeben",""))
A53: Gefährdung | B53: MF-K11 | D53: Beschädigte Fahrkorbausstattung / Vandalismus Faktor: Mechanische Gefährdung durch Bruch von Bauteilen und Einziehen an Glastüren Betroffen: Nutzer Bewertungslogik: Höchste Stufe – alle zutreffenden Regeln zählen, maßgeblich ist die HÖCHSTE STUFE; Maßnahmen aller Treffer werden übernommen. Bewertet, wenn: immer Pflichtfragen: 8.25, 8.26, 8.26a (wenn [8.26] = Ja) | H53: EN 81-80: Nr. 4 (5.3) DIN EN 81-71 | I53: 4 von 4 offen
A54: Regel | B54: MF-K11-R1 | C54: 100 | D54: [8.25 Zustand der Fahrkorbausstattung] = „Beschädigt mit unmittelbarer Gefährdung (freiliegende Elektrik, gebrochenes Glas, defekter Notruf)" | E54: Hoch | F54: • Aufzug stilllegen [O] | G54: • Instandsetzung veranlassen und Anlage vor Wiederinbetriebnahme prüfen [O] | I54: offen | L54: =IF(J54<>"",J54,IF($J$53="Freigeben","Freigeben",""))
A55: Regel | B55: MF-K11-R2 | C55: 100 | D55: [8.25 Zustand der Fahrkorbausstattung] = „Beschädigt ohne unmittelbare Gefährdung (Tableau, Spiegel, Verkleidung)" | E55: Mittel | F55: • Scharfe Kanten und lose Teile sichern [O] | G55: • Beschädigte Bauteile instand setzen oder ersetzen [T] | I55: offen | L55: =IF(J55<>"",J55,IF($J$53="Freigeben","Freigeben",""))
A56: Regel | B56: MF-K11-R3 | C56: 100 | D56: [8.26 Wiederholte Vandalismusschäden?] = Ja UND [8.26a Vandalismussichere Ausführung nach DIN EN 81-71?] = Nein | E56: Mittel | F56: • Schäden zeitnah beseitigen und dokumentieren [O] | G56: • Vandalismusgeschützte Ausstattung nach DIN EN 81-71 nachrüsten; weitere Maßnahmen (z. B. Zugangsregelung) erst nach Ursachenanalyse und Verhältnismäßigkeitsprüfung [T] | H56: [Prüfbericht: H16 – Videoüberwachung nicht mehr als pauschale Abhilfe] | I56: offen – geändert (Rev. 3) | L56: =IF(J56<>"",J56,IF($J$53="Freigeben","Freigeben",""))
A57: Regel | B57: MF-K11-R4 | C57: 1 | D57: [8.25 Zustand der Fahrkorbausstattung] ist beantwortet | E57: Kein Risiko | F57: • Zustand erhalten; bei der wiederkehrenden Prüfung und der Betreiberkontrolle erneut prüfen [O] | H57: Auffangregel (Mechanik): greift, wenn keine Mangelregel zutrifft und alle Pflichtfragen beantwortet sind. | I57: offen (Auffang) | L57: =IF(J57<>"",J57,IF($J$53="Freigeben","Freigeben",""))
A58: Gefährdung | B58: MF-K12 | D58: Fehlender Schutz gegen unbeabsichtigte Fahrkorbbewegung bei offenen Türen (UCM) Faktor: Mechanische Gefährdung durch unkontrollierte Bewegung bei geöffneten Türen Betroffen: Nutzer Bewertungslogik: Vorrang – es gilt die zutreffende Regel mit der HÖCHSTEN PRIORITÄT (so wirken Kompensationen); bei gleicher Priorität die höhere Stufe. Bewertet, wenn: immer Pflichtfragen: 4.5, 8.27 (wenn ([4.5] = Nein UND NICHT [3.1] ist eines von „Hydraulikaufzug" / „Seil-Hydraulikaufzug (indirekt)")), 6.2 (wenn [3.1] ist eines von „Seil-/Riemenaufzug (Treibscheibe)" / „Trommel- oder Kettenaufzug"), 6.2a (wenn [6.2] = Ja), 4.6 (wenn [3.1] ist eines von „Seil-/Riemenaufzug (Treibscheibe)" / „Trommel- oder Kettenaufzug"), 3.1 | H58: EN 81-80: im Bestandskatalog (organisatorisch) DIN EN 81-20 5.6.7 DIN EN 81-20 5.9.2.2.2 TRBS 3121 Anh. 1 Nr. 16 (UCM und Aufwärts-Übergeschwindigkeit bei Seilaufzügen) | I58: 5 von 5 offen
A59: Regel | B59: MF-K12-R1 | C59: 300 | D59: [4.5 UCM-Schutz (unbeabsichtigte Fahrkorbbewegung, A3 / EN 81-20 5.6.7) vorhanden?] = Nein UND ([8.27 Türüberbrückung (SR-Modul) für Nachregulieren / Voraböffnen mit offener Tür vorhanden?] = Ja ODER [3.1 Aufzugsart] ist eines von „Hydraulikaufzug" / „Seil-Hydraulikaufzug (indirekt)") | E59: Hoch | F59: • Voraböffnen und Nachregulieren mit offener Tür prüfen; Beauftragte Person und Nutzer auf Stolper- und Schergefahr an der Schwelle hinweisen [O] | G59: • UCM-Schutz nach DIN EN 81-20 5.6.7 nachrüsten; Ausbau der Türüberbrückung nur nach anlagenspezifischer Prüfung (Haltegenauigkeit, Nachregulierung) [T] | H59: Entscheidung 02.09.2026: Hydraulikaufzug hat immer eine Türüberbrückung (Nachregulieren bei Druckverlust) – ohne UCM daher Hoch wie bei Seilaufzügen mit SR-Modul. [Prüfbericht: H11 – Sofortmaßnahme ergänzt; Prüfbericht 16.09.2026 – Ausbau der Türüberbrückung keine Standardalternative] Frühere Klärung (vor der Änderung entschieden): K-K12 | I59: offen – geändert (Rev. 2) | L59: =IF(J59<>"",J59,IF($J$58="Freigeben","Freigeben",""))
A60: Regel | B60: MF-K12-R2 | C60: 250 | D60: [4.5 UCM-Schutz (unbeabsichtigte Fahrkorbbewegung, A3 / EN 81-20 5.6.7) vorhanden?] = Nein UND [8.27 Türüberbrückung (SR-Modul) für Nachregulieren / Voraböffnen mit offener Tür vorhanden?] = Nein UND [6.2 Zweikreisbremse (redundante Betriebsbremse) vorhanden?] = Ja UND [6.2a Bremse elektrisch überwacht (Bremskontrollschalter)?] = Ja UND [4.6 Antriebswelle statisch bestimmt gelagert (keine 3-Punkt-Lagerung)?] = Ja | E60: Niedrig | F60: • Bremsüberwachung und Bremsprüfung im Wartungsumfang halten [O] | G60: • Bei Steuerungs- oder Antriebsmodernisierung UCM-Schutz nach EN 81-20 5.6.7 vorsehen [T] | H60: Entschieden 2026-09-02: K-K08. [Freigabe bezog sich auf einen früheren Stand (Regel, abhängige Fragen oder Gefährdungslogik geändert) – neu prüfen] | I60: offen – geändert (Rev. 2) | L60: =IF(J60<>"",J60,IF($J$58="Freigeben","Freigeben",""))
A61: Regel | B61: MF-K12-R3 | C61: 245 | D61: [4.5 UCM-Schutz (unbeabsichtigte Fahrkorbbewegung, A3 / EN 81-20 5.6.7) vorhanden?] = Nein UND [8.27 Türüberbrückung (SR-Modul) für Nachregulieren / Voraböffnen mit offener Tür vorhanden?] = Nein UND [6.2 Zweikreisbremse (redundante Betriebsbremse) vorhanden?] = Ja UND [4.6 Antriebswelle statisch bestimmt gelagert (keine 3-Punkt-Lagerung)?] = Ja | E61: Mittel | F61: • Bremse bei jeder Wartung auf Wirksamkeit beider Bremskreise prüfen [O] | G61: • Bremskontrollschalter nachrüsten [T] | H61: TRBS 3121 Anh. 1 Nr. 16: statisch bestimmte Lagerung und Zweikreisbremse (ohne Überwachung) ausdrücklich mittleres Risiko. [Prüfbericht: H11 – Sofortmaßnahme ergänzt] Frühere Klärung (vor der Änderung entschieden): K-K11 | I61: offen – geändert (Rev. 2) | L61: =IF(J61<>"",J61,IF($J$58="Freigeben","Freigeben",""))
A62: Regel | B62: MF-K12-R4 | C62: 100 | D62: [4.5 UCM-Schutz (unbeabsichtigte Fahrkorbbewegung, A3 / EN 81-20 5.6.7) vorhanden?] = Nein | E62: Hoch | F62: • Regelmäßige Kontrolle durch beauftragte Person [O] | G62: • UCM-Schutz nach DIN EN 81-20 5.6.7 nachrüsten (baumustergeprüft, zur Anlage passend); eine überwachte Zweikreisbremse allein senkt das Risiko, ersetzt den UCM-Schutz aber nicht [T] | H62: [Prüfbericht: H05 – Maßnahme präzisiert] | I62: offen – geändert (Rev. 2) | L62: =IF(J62<>"",J62,IF($J$58="Freigeben","Freigeben",""))
A63: Regel | B63: MF-K12-R5 | C63: 1 | D63: [4.5 UCM-Schutz (unbeabsichtigte Fahrkorbbewegung, A3 / EN 81-20 5.6.7) vorhanden?] ist beantwortet | E63: Kein Risiko | F63: • Zustand erhalten; bei der wiederkehrenden Prüfung und der Betreiberkontrolle erneut prüfen [O] | H63: Auffangregel (Mechanik): greift, wenn keine Mangelregel zutrifft und alle Pflichtfragen beantwortet sind. | I63: offen (Auffang) | L63: =IF(J63<>"",J63,IF($J$58="Freigeben","Freigeben",""))
A64: Gefährdung | B64: MF-K13 | D64: Fehlender Schutz gegen Übergeschwindigkeit aufwärts / Sturz nach oben Faktor: Mechanische Gefährdung durch Beschleunigung und Abbremsung (kinetische Energie) Betroffen: Nutzer Bewertungslogik: Vorrang – es gilt die zutreffende Regel mit der HÖCHSTEN PRIORITÄT (so wirken Kompensationen); bei gleicher Priorität die höhere Stufe. Bewertet, wenn: ([3.1 Aufzugsart] ist eines von „Seil-/Riemenaufzug (Treibscheibe)" / „Trommel- oder Kettenaufzug" UND [3.1b Gegengewicht oder Ausgleichsgewicht vorhanden?] = Ja) Pflichtfragen: 8.28 | H64: EN 81-80: Nr. 52 (5.9.4) DIN EN 81-20 5.6.6 TRBS 3121 Anh. 1 Nr. 16 (UCM und Aufwärts-Übergeschwindigkeit bei Seilaufzügen) | I64: 2 von 2 offen
A65: Regel | B65: MF-K13-R1 | C65: 100 | D65: [8.28 Schutz gegen Übergeschwindigkeit aufwärts / Sturz nach oben] = „Nicht verhindert" | E65: Hoch | F65: • Bremse, Treibfähigkeit und Tragmittel bei jeder Wartung prüfen; Arbeiten im Schachtkopf nur bei gegen Bewegung gesichertem Fahrkorb [O] | G65: • Schutzeinrichtung gegen Übergeschwindigkeit aufwärts nachrüsten (z. B. Fangvorrichtung am Gegengewicht, Seil- oder Treibscheibenbremse), baumustergeprüft und zur Anlage passend [T] | H65: [Prüfbericht: H05 – sachfremde Sofortmaßnahme (Ultraschall) ersetzt] | I65: offen – geändert (Rev. 3) | L65: =IF(J65<>"",J65,IF($J$64="Freigeben","Freigeben",""))
A66: Regel | B66: MF-K13-R2 | C66: 1 | D66: [8.28 Schutz gegen Übergeschwindigkeit aufwärts / Sturz nach oben] ist beantwortet | E66: Kein Risiko | F66: • Zustand erhalten; bei der wiederkehrenden Prüfung und der Betreiberkontrolle erneut prüfen [O] | H66: Auffangregel (Mechanik): greift, wenn keine Mangelregel zutrifft und alle Pflichtfragen beantwortet sind. | I66: offen (Auffang) | L66: =IF(J66<>"",J66,IF($J$64="Freigeben","Freigeben",""))
A67: Gefährdung | B67: MF-K14 | D67: Statisch unbestimmt gelagerte Antriebswelle (3-Punkt-Lagerung) Faktor: Mechanische Gefährdung durch Beschleunigung und Abbremsung (kinetische Energie) Betroffen: Nutzer Bewertungslogik: Vorrang – es gilt die zutreffende Regel mit der HÖCHSTEN PRIORITÄT (so wirken Kompensationen); bei gleicher Priorität die höhere Stufe. Bewertet, wenn: [3.1 Aufzugsart] ist eines von „Seil-/Riemenaufzug (Treibscheibe)" / „Trommel- oder Kettenaufzug" Pflichtfragen: 4.6, 8.28 (wenn ([3.1] ist eines von „Seil-/Riemenaufzug (Treibscheibe)" / „Trommel- oder Kettenaufzug" UND [3.1b] = Ja)) | H67: EN 81-80: im Bestandskatalog (organisatorisch) DIN EN 81-20 5.9.2.2.2 TRBS 3121 Anh. 1 Nr. 16 (UCM und Aufwärts-Übergeschwindigkeit bei Seilaufzügen) | I67: 3 von 3 offen
A68: Regel | B68: MF-K14-R1 | C68: 200 | D68: [4.6 Antriebswelle statisch bestimmt gelagert (keine 3-Punkt-Lagerung)?] = Nein UND [8.28 Schutz gegen Übergeschwindigkeit aufwärts / Sturz nach oben] = „Aktive Maßnahme (Notbremssystem / SAFÜ auf Seil oder Treibscheibe)" | E68: Niedrig | F68: • Schutzmaßnahmen (SAFÜ/Notbremse) weiterhin aufrechterhalten und prüfen [O] | G68: • Bei Modernisierung des Antriebs statisch bestimmte Lagerung vorsehen [T] | H68: Blaupause Schindler M004: 3-Punkt-Lagerung mit SAFÜ = Niedrig (DIRECT belegt). Evidenz: abgeleitet | I68: offen | L68: =IF(J68<>"",J68,IF($J$67="Freigeben","Freigeben",""))
A69: Regel | B69: MF-K14-R2 | C69: 100 | D69: [4.6 Antriebswelle statisch bestimmt gelagert (keine 3-Punkt-Lagerung)?] = Nein | E69: Hoch | F69: • Regelmäßige Materialprüfung (z.B. Ultraschall) [O] | G69: • Antrieb mit statisch bestimmter Lagerung einbauen oder Maschinenrahmen umbauen; bis dahin Schutz gegen Übergeschwindigkeit aufwärts / Sturz nach oben nachrüsten [T] | H69: [Prüfbericht: H05 – UCM ist keine Abhilfe gegen Wellenbruch] | I69: offen – geändert (Rev. 3) | L69: =IF(J69<>"",J69,IF($J$67="Freigeben","Freigeben",""))
A70: Regel | B70: MF-K14-R3 | C70: 1 | D70: [4.6 Antriebswelle statisch bestimmt gelagert (keine 3-Punkt-Lagerung)?] ist beantwortet | E70: Kein Risiko | F70: • Zustand erhalten; bei der wiederkehrenden Prüfung und der Betreiberkontrolle erneut prüfen [O] | H70: Auffangregel (Mechanik): greift, wenn keine Mangelregel zutrifft und alle Pflichtfragen beantwortet sind. | I70: offen (Auffang) | L70: =IF(J70<>"",J70,IF($J$67="Freigeben","Freigeben",""))

Sheet F Fahrkorbdach
A1: Art | B1: Code | C1: Prio | D1: Gefährdung / Bedingung | E1: Stufe | F1: Sofortmaßnahme | G1: Mittelfristige Maßnahme | H1: Hinweis / Quelle | I1: Status | J1: Entscheidung | K1: Korrektur | L1: wirksam
A2: Gefährdung | B2: MF-F01 | D2: Fehlende oder unzureichende Absturzsicherung auf dem Fahrkorbdach Faktor: Mechanische Gefährdung durch Absturz in den Schacht Betroffen: Wartungspersonal Bewertungslogik: Höchste Stufe – alle zutreffenden Regeln zählen, maßgeblich ist die HÖCHSTE STUFE; Maßnahmen aller Treffer werden übernommen. Bewertet, wenn: immer Pflichtfragen: 9.1, 9.2 (wenn [9.1] ist eines von „301–500 mm" / „501–850 mm" / „über 850 mm"), 9.3 (wenn [9.2] = Ja), 9.4 | H2: EN 81-80: Nr. 43 (5.8.6), Nr. 58 (5.11.1) DIN EN 81-20 5.4.7.3 DIN EN 81-20 5.4.7.4 TRBS 3121 Anh. 1 Nr. 15 (Fahrkorbdachumwehrung) | I2: 6 von 6 offen
A3: Regel | B3: MF-F01-R1 | C3: 100 | D3: [9.1 Größter horizontaler Abstand Fahrkorbdachkante – Schachtwand] ist eines von „301–500 mm" / „501–850 mm" / „über 850 mm" UND [9.2 Geländer auf dem Fahrkorbdach vorhanden?] = Nein | E3: Hoch | F3: • Rückhalte- oder Absturzsicherungssystem verwenden [O] | G3: • Geländer nachrüsten bzw. erhöhen [T] | H3: Entschieden 2026-09-02: K-F02. [Freigabe bezog sich auf einen früheren Stand (Regel, abhängige Fragen oder Gefährdungslogik geändert) – neu prüfen] | I3: offen – geändert (Rev. 3) | L3: =IF(J3<>"",J3,IF($J$2="Freigeben","Freigeben",""))
A4: Regel | B4: MF-F01-R2 | C4: 100 | D4: [9.1 Größter horizontaler Abstand Fahrkorbdachkante – Schachtwand] ist eines von „301–500 mm" / „501–850 mm" / „über 850 mm" UND [9.2 Geländer auf dem Fahrkorbdach vorhanden?] = Ja UND [9.3 Geländerhöhe auf dem Fahrkorbdach] ist eines von „unter 700 mm" | E4: Hoch | F4: • Rückhalte- oder Absturzsicherungssystem verwenden [O] | G4: • Geländer nachrüsten bzw. erhöhen [T] | I4: offen | L4: =IF(J4<>"",J4,IF($J$2="Freigeben","Freigeben",""))
A5: Regel | B5: MF-F01-R3 | C5: 100 | D5: [9.1 Größter horizontaler Abstand Fahrkorbdachkante – Schachtwand] ist eines von „über 850 mm" UND [9.2 Geländer auf dem Fahrkorbdach vorhanden?] = Ja UND [9.3 Geländerhöhe auf dem Fahrkorbdach] ist eines von „700–1 099 mm" / „unter 700 mm" | E5: Hoch | F5: • Rückhalte- oder Absturzsicherungssystem verwenden [O] | G5: • Geländer nachrüsten bzw. erhöhen [T] | H5: Entschieden 2026-09-02: K-F01. [Freigabe bezog sich auf einen früheren Stand (Regel, abhängige Fragen oder Gefährdungslogik geändert) – neu prüfen] Evidenz: abgeleitet | I5: offen – geändert (Rev. 3) | L5: =IF(J5<>"",J5,IF($J$2="Freigeben","Freigeben",""))
A6: Regel | B6: MF-F01-R7 | C6: 100 | D6: [9.1 Größter horizontaler Abstand Fahrkorbdachkante – Schachtwand] ist eines von „501–850 mm" / „über 850 mm" UND [9.1 Größter horizontaler Abstand Fahrkorbdachkante – Schachtwand] ist eines von „≤ 300 mm" / „301–500 mm" / „501–850 mm" UND [9.2 Geländer auf dem Fahrkorbdach vorhanden?] = Ja UND [9.3 Geländerhöhe auf dem Fahrkorbdach] ist eines von „700–1 099 mm" / „unter 700 mm" | E6: Mittel | F6: • Rückhalte- oder Absturzsicherungssystem verwenden [O] | G6: • Geländer auf 110 cm erhöhen bzw. erneuern [T] | H6: Prüfbericht 20.09.2026: auf 501–850 mm begrenzt; darüber gilt MF-F01-R3 (Hoch), beide Regeln trafen bisher gemeinsam zu. | I6: offen | L6: =IF(J6<>"",J6,IF($J$2="Freigeben","Freigeben",""))
A7: Regel | B7: MF-F01-R5 | C7: 100 | D7: [9.4 Fußleiste (mind. 100 mm) am Rand des Fahrkorbdachs vorhanden?] = Nein | E7: Mittel | F7: • Mit Fuß nicht über den Rand des Fahrkorbdaches treten! [O] | G7: • Fußleiste nachrüsten [T] | I7: offen | L7: =IF(J7<>"",J7,IF($J$2="Freigeben","Freigeben",""))
A8: Regel | B8: MF-F01-R6 | C8: 1 | D8: [9.1 Größter horizontaler Abstand Fahrkorbdachkante – Schachtwand] ist beantwortet | E8: Kein Risiko | F8: • Zustand erhalten; bei der wiederkehrenden Prüfung und der Betreiberkontrolle erneut prüfen [O] | H8: Auffangregel (Mechanik): greift, wenn keine Mangelregel zutrifft und alle Pflichtfragen beantwortet sind. | I8: offen (Auffang) | L8: =IF(J8<>"",J8,IF($J$2="Freigeben","Freigeben",""))
A9: Gefährdung | B9: MF-F02 | D9: Einzugsgefahr an Rollen im Schachtkopf / auf dem Fahrkorbdach Faktor: Mechanische Gefährdung durch rotierende Teile (Erfassen, Einziehen) Betroffen: Wartungspersonal Bewertungslogik: Höchste Stufe – alle zutreffenden Regeln zählen, maßgeblich ist die HÖCHSTE STUFE; Maßnahmen aller Treffer werden übernommen. Bewertet, wenn: immer Pflichtfragen: 9.5, 9.5a (wenn [9.5] = Ja) | H9: EN 81-80: nicht im Bestandskatalog (nur EN 81-20) DIN EN 81-20 5.5.7 | I9: 3 von 3 offen
A10: Regel | B10: MF-F02-R1 | C10: 100 | D10: [9.5a Abdeckung der Einzugstellen] = „Einzugstellen offen" | E10: Hoch | F10: • Arbeiten im Bereich der Einzugstellen nur bei stillgesetzter und gegen Wiederanlauf gesicherter Anlage; keine Fahrt mit Personen auf dem Fahrkorbdach [O] | G10: • Komplettabdeckungen nachrüsten [T] | H10: [Prüfbericht: B11 – Sofortmaßnahme wirksam gemacht] | I10: offen – geändert (Rev. 2) | L10: =IF(J10<>"",J10,IF($J$9="Freigeben","Freigeben",""))
A11: Regel | B11: MF-F02-R2 | C11: 100 | D11: [9.5a Abdeckung der Einzugstellen] = „Teilweise abgedeckt" | E11: Mittel | F11: • Offene Einzugstellen vor Arbeiten ermitteln; dort nur bei stillgesetzter Anlage arbeiten [O] | G11: • Komplettabdeckungen nachrüsten [T] | H11: [Prüfbericht: B11 – Sofortmaßnahme wirksam gemacht] | I11: offen – geändert (Rev. 2) | L11: =IF(J11<>"",J11,IF($J$9="Freigeben","Freigeben",""))
A12: Regel | B12: MF-F02-R3 | C12: 1 | D12: [9.5 Einzugstellen im Schachtkopf / auf dem Fahrkorbdach vorhanden (Umlenkrollen, Heberrolle, Seilrollen)?] ist beantwortet | E12: Kein Risiko | F12: • Zustand erhalten; bei der wiederkehrenden Prüfung und der Betreiberkontrolle erneut prüfen [O] | H12: Auffangregel (Mechanik): greift, wenn keine Mangelregel zutrifft und alle Pflichtfragen beantwortet sind. | I12: offen (Auffang) | L12: =IF(J12<>"",J12,IF($J$9="Freigeben","Freigeben",""))
A13: Gefährdung | B13: MF-F03 | D13: Gefährdung durch Nachbaraufzug oder dessen Gegengewicht (Fahrkorbdach) Faktor: Mechanische Gefährdung durch bewegte Teile (Quetschen, Scheren, Einziehen) Betroffen: Wartungspersonal Bewertungslogik: Vorrang – es gilt die zutreffende Regel mit der HÖCHSTEN PRIORITÄT (so wirken Kompensationen); bei gleicher Priorität die höhere Stufe. Bewertet, wenn: [4.8 Mehrere Aufzüge in einem gemeinsamen Schacht?] = Ja Pflichtfragen: 9.6, 9.6a (wenn [9.6] ist eines von „Keine Abdeckung / kein Trenngitter" / „Teilweise Abdeckungen" / „Grobmaschiges Trenngitter oder Spanndrähte"), 9.6b (wenn [9.6a] = Ja) | H13: EN 81-80: Nr. 13 (5.5.6.2) DIN EN 81-20 5.2.5.5.2.2 TRBS 3121 Anh. 1 Nr. 4 (Benachbarte Aufzüge im Fahrschacht) | I13: 7 von 7 offen
A14: Regel | B14: MF-F03-R7 | C14: 212 | D14: [9.6 Abtrennung zum Nachbaraufzug / Nachbar-Gegengewicht im Bereich des Fahrkorbdachs] = „Keine Abdeckung / kein Trenngitter" UND [9.6a Einrichtung zum automatischen Abschalten des Nachbaraufzugs bei Arbeiten im Fahrschacht vorhanden?] = Ja UND [9.6b Automatische Abschaltung in der Funktion geprüft, alle Nachbaranlagen erfasst und Wirkung bei Inspektionsbetrieb bestätigt?] = Nein | E14: Hoch | F14: • Nachbaraufzug zusätzlich von Hand abschalten und gegen Wiedereinschalten sichern [O] | G14: • Funktion der automatischen Abschaltung für alle Nachbaranlagen prüfen und dokumentieren [O] | H14: Prüfbericht 20.09.2026: fail-closed – ohne Funktionsnachweis senkt die automatische Abschaltung die Stufe nicht (vorher Mittel trotz fehlender Abtrennung). [Prüfbericht: Prüfbericht 16.09.2026 – Abschaltung ohne Funktionsnachweis] Evidenz: abgeleitet | I14: offen – geändert (Rev. 1) | L14: =IF(J14<>"",J14,IF($J$13="Freigeben","Freigeben",""))
A15: Regel | B15: MF-F03-R8 | C15: 210 | D15: [9.6 Abtrennung zum Nachbaraufzug / Nachbar-Gegengewicht im Bereich des Fahrkorbdachs] ist eines von „Teilweise Abdeckungen" / „Grobmaschiges Trenngitter oder Spanndrähte" UND [9.6a Einrichtung zum automatischen Abschalten des Nachbaraufzugs bei Arbeiten im Fahrschacht vorhanden?] = Ja UND [9.6b Automatische Abschaltung in der Funktion geprüft, alle Nachbaranlagen erfasst und Wirkung bei Inspektionsbetrieb bestätigt?] = Nein | E15: Mittel | F15: • Nachbaraufzug zusätzlich von Hand abschalten und gegen Wiedereinschalten sichern [O] | G15: • Funktion der automatischen Abschaltung für alle Nachbaranlagen prüfen und dokumentieren [O] | H15: Teilabdeckung bzw. grobmaschiges Gitter: die Grundstufe bleibt Mittel, der fehlende Funktionsnachweis senkt sie aber nicht. [Prüfbericht: Prüfbericht 16.09.2026 – Abschaltung ohne Funktionsnachweis] Evidenz: abgeleitet | I15: offen – geändert (Rev. 1) | L15: =IF(J15<>"",J15,IF($J$13="Freigeben","Freigeben",""))
A16: Regel | B16: MF-F03-R6 | C16: 200 | D16: [9.6 Abtrennung zum Nachbaraufzug / Nachbar-Gegengewicht im Bereich des Fahrkorbdachs] ist eines von „Keine Abdeckung / kein Trenngitter" / „Teilweise Abdeckungen" / „Grobmaschiges Trenngitter oder Spanndrähte" UND [9.6a Einrichtung zum automatischen Abschalten des Nachbaraufzugs bei Arbeiten im Fahrschacht vorhanden?] = Ja UND [9.6b Automatische Abschaltung in der Funktion geprüft, alle Nachbaranlagen erfasst und Wirkung bei Inspektionsbetrieb bestätigt?] = Ja | E16: Kein Risiko | H16: TRBS 3121 Anh. 1 Nr. 4 c): automatische Abschaltung des Nachbaraufzugs ist gleichwertige Alternative. [Prüfbericht: H03 – neu: Alternative automatische Abschaltung] | I16: offen – geändert (Rev. 1) | L16: =IF(J16<>"",J16,IF($J$13="Freigeben","Freigeben",""))
A17: Regel | B17: MF-F03-R1 | C17: 100 | D17: [9.6 Abtrennung zum Nachbaraufzug / Nachbar-Gegengewicht im Bereich des Fahrkorbdachs] = „Keine Abdeckung / kein Trenngitter" | E17: Hoch | F17: • Vor Arbeiten auf dem Fahrkorbdach den Nachbaraufzug abschalten und gegen Wiedereinschalten sichern [O] | G17: • Trenngitter über die volle Schachthöhe nachrüsten, Umwehrung mit mehr als 0,5 m Abstand zu beweglichen Teilen herstellen oder automatische Abschaltung des Nachbaraufzugs vorsehen [T] | H17: [Prüfbericht: H03 – Maßnahme benennt den Nachbaraufzug und die Alternativen] | I17: offen – geändert (Rev. 2) | L17: =IF(J17<>"",J17,IF($J$13="Freigeben","Freigeben",""))
A18: Regel | B18: MF-F03-R2 | C18: 100 | D18: [9.6 Abtrennung zum Nachbaraufzug / Nachbar-Gegengewicht im Bereich des Fahrkorbdachs] = „Teilweise Abdeckungen" | E18: Mittel | F18: • Vor Arbeiten im Bereich der offenen Stellen den Nachbaraufzug abschalten und sichern [O] | G18: • Abdeckung nachrüsten [T] | H18: [Prüfbericht: H03 – Sofortmaßnahme benennt den Nachbaraufzug] | I18: offen – geändert (Rev. 2) | L18: =IF(J18<>"",J18,IF($J$13="Freigeben","Freigeben",""))
A19: Regel | B19: MF-F03-R3 | C19: 100 | D19: [9.6 Abtrennung zum Nachbaraufzug / Nachbar-Gegengewicht im Bereich des Fahrkorbdachs] = „Grobmaschiges Trenngitter oder Spanndrähte" | E19: Mittel | F19: • Vor Arbeiten im Bereich des Trenngitters den Nachbaraufzug abschalten und sichern [O] | G19: • Engmaschiges Trenngitter nachrüsten [T] | H19: [Prüfbericht: H03 – Sofortmaßnahme benennt den Nachbaraufzug] | I19: offen – geändert (Rev. 2) | L19: =IF(J19<>"",J19,IF($J$13="Freigeben","Freigeben",""))
A20: Regel | B20: MF-F03-R4 | C20: 1 | D20: [9.6 Abtrennung zum Nachbaraufzug / Nachbar-Gegengewicht im Bereich des Fahrkorbdachs] ist beantwortet | E20: Kein Risiko | F20: • Zustand erhalten; bei der wiederkehrenden Prüfung und der Betreiberkontrolle erneut prüfen [O] | H20: Auffangregel (Mechanik): greift, wenn keine Mangelregel zutrifft und alle Pflichtfragen beantwortet sind. | I20: offen (Auffang) | L20: =IF(J20<>"",J20,IF($J$13="Freigeben","Freigeben",""))
A21: Gefährdung | B21: MF-F04 | D21: Unzureichender Schutzraum / Kopffreiheit im Schachtkopf Faktor: Mechanische Gefährdung durch Quetschen zwischen Fahrkorb und Schacht Betroffen: Wartungspersonal Bewertungslogik: Höchste Stufe – alle zutreffenden Regeln zählen, maßgeblich ist die HÖCHSTE STUFE; Maßnahmen aller Treffer werden übernommen. Bewertet, wenn: immer Pflichtfragen: 9.7, 9.7a (wenn [9.7] = „Reduzierter Schachtkopf mit wirksamer Zusatzeinrichtung und Betriebsanweisung") | H21: EN 81-80: Nr. 14 (5.5.7) DIN EN 81-20 5.2.5.7 DIN EN 81-20 5.2.5.8 TRBS 3121 Anh. 1 Nr. 5 (Schutzräume in Grube und Schachtkopf) | I21: 3 von 5 offen
A22: Regel | B22: MF-F04-R1 | C22: 100 | D22: [9.7 Schutzraum im Schachtkopf] = „Schutzraum nicht gegeben (z. B. nachträgliche Einbauten)" | E22: Hoch | F22: • Fahrkorbdach nicht betreten, Einbauten entfernen [O] | G22: • Fahrbegrenzung nachrüsten oder Schutzraum wiederherstellen [T] | I22: offen | L22: =IF(J22<>"",J22,IF($J$21="Freigeben","Freigeben",""))
A23: Regel | B23: MF-F04-R2 | C23: 100 | D23: [9.7 Schutzraum im Schachtkopf] = „Reduzierter Schachtkopf mit wirksamer Zusatzeinrichtung und Betriebsanweisung" UND [9.7a Warnkennzeichnung zur reduzierten Kopffreiheit vorhanden?] = Nein | E23: Mittel | F23: • Kopfschutz verwenden, Anstoßstellen kennzeichnen [O] | G23: • Schutzraumkennzeichnung nach DIN EN 81-20 anbringen [O] | H23: [Prüfbericht: H15 – Hoch auf Mittel: Schutzeinrichtung wirkt, es fehlt die Kennzeichnung] | I23: offen – geändert (Rev. 2) | L23: =IF(J23<>"",J23,IF($J$21="Freigeben","Freigeben",""))
A24: Regel | B24: MF-F04-R3 | C24: 100 | D24: [9.7 Schutzraum im Schachtkopf] = „Schutzraum nach TRA 200 / EN 81-1/-2 (kleiner als EN 81-20)" | E24: Niedrig | F24: • Zustand dokumentieren, Beschäftigte über den reduzierten Schutzraum unterweisen [O] | G24: • Bei Modernisierung Schutzräume nach EN 81-20 herstellen oder Schutzeinrichtung für temporären Schutzraum vorsehen [T] | H24: TRBS 3121 Anh. 1 Nr. 5: Risiko niedrig bei Schutzräumen nach TRA 200 oder EN 81-1/-2. Entschieden 2026-09-02: K-F05. Evidenz: abgeleitet | I24: freigegeben
A25: Regel | B25: MF-F04-R4 | C25: 100 | D25: [9.7 Schutzraum im Schachtkopf] = „Reduzierter Schachtkopf mit wirksamer Zusatzeinrichtung und Betriebsanweisung" | E25: Kein Risiko | H25: Entscheidung 02.09.2026: reduzierter Schachtkopf mit wirksamer Zusatzeinrichtung = kein Risiko (App F5). Entschieden 2026-09-02: K-F03. | I25: freigegeben
A26: Regel | B26: MF-F04-R5 | C26: 1 | D26: [9.7 Schutzraum im Schachtkopf] ist beantwortet | E26: Kein Risiko | F26: • Zustand erhalten; bei der wiederkehrenden Prüfung und der Betreiberkontrolle erneut prüfen [O] | H26: Auffangregel (Mechanik): greift, wenn keine Mangelregel zutrifft und alle Pflichtfragen beantwortet sind. | I26: offen (Auffang) | L26: =IF(J26<>"",J26,IF($J$21="Freigeben","Freigeben",""))
A27: Gefährdung | B27: MF-F05 | D27: Fehlende oder unzulängliche Inspektionssteuerung auf dem Fahrkorbdach Faktor: Gefährdung durch unbeabsichtigtes Betätigen von Befehlsgebern Betroffen: Wartungspersonal Bewertungslogik: Höchste Stufe – alle zutreffenden Regeln zählen, maßgeblich ist die HÖCHSTE STUFE; Maßnahmen aller Treffer werden übernommen. Bewertet, wenn: immer Pflichtfragen: 9.8, 9.8a (wenn [9.8] = Ja), 9.8b (wenn [9.8] = Ja), 9.8c (wenn [9.8] = Ja) | H27: EN 81-80: Nr. 70 (5.14.2) DIN EN 81-20 5.12.1.5.1.1 DIN EN 81-20 5.12.1.5.2 TRBS 3121 Anh. 1 Nr. 22 (Inspektionssteuerung und Stoppeinrichtung auf dem Fahrkorbdach) | I27: 5 von 5 offen
A28: Regel | B28: MF-F05-R1 | C28: 100 | D28: [9.8 Inspektionssteuerung auf dem Fahrkorbdach vorhanden?] = Nein | E28: Hoch | F28: • Keine Alleinarbeit, Vorgaben der DGUV Information 209-053 beachten [O] | G28: • Inspektionssteuerung nach DIN EN 81-20, 5.12.1.5 nachrüsten [T] | I28: offen | L28: =IF(J28<>"",J28,IF($J$27="Freigeben","Freigeben",""))
A29: Regel | B29: MF-F05-R2 | C29: 100 | D29: [9.8c Inspektionsgeschwindigkeit max. 0,63 m/s?] = Nein | E29: Hoch | F29: • Keine Inspektionsfahrten mit Personen auf dem Fahrkorbdach bis zur Begrenzung der Geschwindigkeit; Arbeiten nur bei stillgesetzter Anlage [O] | G29: • Inspektionsgeschwindigkeit < 0,63 m/s nachrüsten [T] | H29: [Prüfbericht: B11 – „nur abwärts" ist keine wirksame Maßnahme] | I29: offen – geändert (Rev. 2) | L29: =IF(J29<>"",J29,IF($J$27="Freigeben","Freigeben",""))
A30: Regel | B30: MF-F05-R3 | C30: 100 | D30: [9.8a Inspektionssteuerung gegen unbeabsichtigtes Betätigen geschützt?] = Nein | E30: Mittel | F30: • Vor Arbeiten Not-Halt betätigen und Befehlsgeber auf unbeabsichtigte Betätigung prüfen [O] | G30: • Schutzkragen oder gleichwertigen Schutz nachrüsten [T] | H30: [Prüfbericht 16.09.2026: konkrete Sofortmaßnahme statt „Vorsicht“] | I30: offen – geändert (Rev. 2) | L30: =IF(J30<>"",J30,IF($J$27="Freigeben","Freigeben",""))
A31: Regel | B31: MF-F05-R4 | C31: 100 | D31: [9.8b Inspektionssteuerung vom Zugang aus gut erreichbar?] = Nein | E31: Mittel | F31: • Inspektionssteuerung erst nach sicherem Betreten und Betätigen des Not-Halts einschalten; nicht allein arbeiten [O] | G31: • Bedieneinrichtung versetzen oder ändern [T] | H31: [Prüfbericht 16.09.2026: konkrete Sofortmaßnahme statt „Vorsicht“] | I31: offen – geändert (Rev. 2) | L31: =IF(J31<>"",J31,IF($J$27="Freigeben","Freigeben",""))
A32: Regel | B32: MF-F05-R5 | C32: 1 | D32: [9.8 Inspektionssteuerung auf dem Fahrkorbdach vorhanden?] ist beantwortet | E32: Kein Risiko | F32: • Zustand erhalten; bei der wiederkehrenden Prüfung und der Betreiberkontrolle erneut prüfen [O] | H32: Auffangregel (Mechanik): greift, wenn keine Mangelregel zutrifft und alle Pflichtfragen beantwortet sind. | I32: offen (Auffang) | L32: =IF(J32<>"",J32,IF($J$27="Freigeben","Freigeben",""))
A33: Gefährdung | B33: MF-F06 | D33: Fehlender oder unwirksamer Not-Halt auf dem Fahrkorbdach Faktor: Gefährdung durch unbeabsichtigtes Betätigen von Befehlsgebern Betroffen: Wartungspersonal Bewertungslogik: Höchste Stufe – alle zutreffenden Regeln zählen, maßgeblich ist die HÖCHSTE STUFE; Maßnahmen aller Treffer werden übernommen. Bewertet, wenn: immer Pflichtfragen: 9.9, 9.9a (wenn [9.9] = Ja), 9.9b (wenn [9.9] = Ja) | H33: EN 81-80: Nr. 70 (5.14.2) DIN EN 81-20 5.4.8 DIN EN 81-20 5.12.1.11 TRBS 3121 Anh. 1 Nr. 22 (Inspektionssteuerung und Stoppeinrichtung auf dem Fahrkorbdach) | I33: 4 von 4 offen
A34: Regel | B34: MF-F06-R1 | C34: 100 | D34: [9.9 Notbremsschalter (Not-Halt) auf dem Fahrkorbdach vorhanden?] = Nein | E34: Hoch | F34: • Fahrkorbdach nur nach Freischalten der Anlage betreten [O] | G34: • Notbremsschalter nach DIN EN 81-20, 5.4.8 nachrüsten [T] | I34: offen | L34: =IF(J34<>"",J34,IF($J$33="Freigeben","Freigeben",""))
A35: Regel | B35: MF-F06-R2 | C35: 100 | D35: [9.9b Not-Halt wirksam (Funktion geprüft)?] = Nein | E35: Hoch | F35: • Anlage stilllegen [O] | G35: • Sicherheitskreis instand setzen und Wirkung prüfen [T] | I35: offen | L35: =IF(J35<>"",J35,IF($J$33="Freigeben","Freigeben",""))
A36: Regel | B36: MF-F06-R3 | C36: 100 | D36: [9.9a Not-Halt vom Zugang aus erreichbar?] = Nein | E36: Mittel | F36: • Position vor dem Betreten prüfen [O] | G36: • Schalter erreichbar versetzen [T] | I36: offen | L36: =IF(J36<>"",J36,IF($J$33="Freigeben","Freigeben",""))
A37: Regel | B37: MF-F06-R4 | C37: 1 | D37: [9.9 Notbremsschalter (Not-Halt) auf dem Fahrkorbdach vorhanden?] ist beantwortet | E37: Kein Risiko | F37: • Zustand erhalten; bei der wiederkehrenden Prüfung und der Betreiberkontrolle erneut prüfen [O] | H37: Auffangregel (Mechanik): greift, wenn keine Mangelregel zutrifft und alle Pflichtfragen beantwortet sind. | I37: offen (Auffang) | L37: =IF(J37<>"",J37,IF($J$33="Freigeben","Freigeben",""))
A38: Gefährdung | B38: MF-F07 | D38: Nicht tragfähiges Fahrkorbdach oder unüberwachte Dachklappe Faktor: Mechanische Gefährdung durch Absturz in den Schacht Betroffen: Wartungspersonal Bewertungslogik: Höchste Stufe – alle zutreffenden Regeln zählen, maßgeblich ist die HÖCHSTE STUFE; Maßnahmen aller Treffer werden übernommen. Bewertet, wenn: immer Pflichtfragen: 9.10, 9.11, 9.11a (wenn [9.11] = Ja) | H38: EN 81-80: Nr. 41 (5.8.4), Nr. 42 (5.8.5) DIN EN 81-20 5.4.7.1 DIN EN 81-20 5.4.6.2 | I38: 3 von 3 offen
A39: Regel | B39: MF-F07-R1 | C39: 100 | D39: [9.10 Fahrkorbdach tragfähig (200 kg auf 0,30 m × 0,30 m)?] = Nein | E39: Hoch | F39: • Fahrkorbdach nicht betreten, bis die Tragfähigkeit hergestellt oder nachgewiesen ist; Warnhinweis am Zugang anbringen [O] | G39: • Tragfähiges Fahrkorbdach herstellen (200 kg auf 0,30 m × 0,30 m, DIN EN 81-20 5.4.7.1) und nachweisen [T] | H39: [Prüfbericht: B11 – widersprüchliche Sofortmaßnahme bereinigt] | I39: offen – geändert (Rev. 2) | L39: =IF(J39<>"",J39,IF($J$38="Freigeben","Freigeben",""))
A40: Regel | B40: MF-F07-R2 | C40: 100 | D40: [9.11a Klappe elektrisch überwacht (Sicherheitskreis)?] = Nein | E40: Mittel | F40: • Klappe vor Fahrbetrieb sichern [O] | G40: • Elektrische Überwachung der Klappe nachrüsten [T] | I40: offen | L40: =IF(J40<>"",J40,IF($J$38="Freigeben","Freigeben",""))
A41: Regel | B41: MF-F07-R3 | C41: 1 | D41: [9.10 Fahrkorbdach tragfähig (200 kg auf 0,30 m × 0,30 m)?] ist beantwortet | E41: Kein Risiko | F41: • Zustand erhalten; bei der wiederkehrenden Prüfung und der Betreiberkontrolle erneut prüfen [O] | H41: Auffangregel (Mechanik): greift, wenn keine Mangelregel zutrifft und alle Pflichtfragen beantwortet sind. | I41: offen (Auffang) | L41: =IF(J41<>"",J41,IF($J$38="Freigeben","Freigeben",""))
A42: Gefährdung | B42: MF-F08 | D42: Fehlende Notbeleuchtung auf dem Fahrkorbdach Faktor: Gefährdung durch Arbeitsumgebungsbedingungen (unzureichende Beleuchtung) Betroffen: Wartungspersonal Bewertungslogik: Vorrang – es gilt die zutreffende Regel mit der HÖCHSTEN PRIORITÄT (so wirken Kompensationen); bei gleicher Priorität die höhere Stufe. Bewertet, wenn: immer Pflichtfragen: 9.12 | H42: EN 81-80: im Bestandskatalog (organisatorisch) DIN EN 81-20 5.4.10.4 | I42: 1 von 2 offen
A43: Regel | B43: MF-F08-R1 | C43: 100 | D43: [9.12 Notbeleuchtung auf dem Fahrkorbdach (mind. 5 Lux, 1 h) vorhanden?] = Nein | E43: Hoch | F43: • Handleuchte für Arbeiten auf dem Fahrkorbdach mitführen [O] | G43: • Notbeleuchtung (mind. 5 Lux, 1 h) auf dem Fahrkorbdach nachrüsten [T] | H43: Entschieden 2026-09-02: K-F04. Evidenz: abgeleitet | I43: freigegeben
A44: Regel | B44: MF-F08-R2 | C44: 1 | D44: [9.12 Notbeleuchtung auf dem Fahrkorbdach (mind. 5 Lux, 1 h) vorhanden?] ist beantwortet | E44: Kein Risiko | F44: • Zustand erhalten; bei der wiederkehrenden Prüfung und der Betreiberkontrolle erneut prüfen [O] | H44: Auffangregel (Mechanik): greift, wenn keine Mangelregel zutrifft und alle Pflichtfragen beantwortet sind. | I44: offen (Auffang) | L44: =IF(J44<>"",J44,IF($J$42="Freigeben","Freigeben",""))
A45: Gefährdung | B45: MF-F09 | D45: Fehlender Notruf auf dem Fahrkorbdach Faktor: Sonstige Gefährdung durch fehlende oder unzureichende Notfallorganisation Betroffen: Wartungspersonal Bewertungslogik: Vorrang – es gilt die zutreffende Regel mit der HÖCHSTEN PRIORITÄT (so wirken Kompensationen); bei gleicher Priorität die höhere Stufe. Bewertet, wenn: immer Pflichtfragen: 9.13 | H45: EN 81-80: Nr. 18 (5.5.11) DIN EN 81-20 5.12.3.2 | I45: 2 von 2 offen
A46: Regel | B46: MF-F09-R1 | C46: 100 | D46: [9.13 Eindeutig erkennbarer Auslöser für den (Fern-)Notruf auf dem Fahrkorbdach vorhanden?] = Nein | E46: Mittel | F46: • Schachteinschluss verhindern durch alternative Maßnahme (z.B. Mobilfunk, Funk, 2. Person) [O] | G46: • Notrufsystem FK-Dach und Schachtgrube nachrüsten [T] | I46: offen | L46: =IF(J46<>"",J46,IF($J$45="Freigeben","Freigeben",""))
A47: Regel | B47: MF-F09-R2 | C47: 1 | D47: [9.13 Eindeutig erkennbarer Auslöser für den (Fern-)Notruf auf dem Fahrkorbdach vorhanden?] ist beantwortet | E47: Kein Risiko | F47: • Zustand erhalten; bei der wiederkehrenden Prüfung und der Betreiberkontrolle erneut prüfen [O] | H47: Auffangregel (Mechanik): greift, wenn keine Mangelregel zutrifft und alle Pflichtfragen beantwortet sind. | I47: offen (Auffang) | L47: =IF(J47<>"",J47,IF($J$45="Freigeben","Freigeben",""))

Sheet S Schacht
A1: Art | B1: Code | C1: Prio | D1: Gefährdung / Bedingung | E1: Stufe | F1: Sofortmaßnahme | G1: Mittelfristige Maßnahme | H1: Hinweis / Quelle | I1: Status | J1: Entscheidung | K1: Korrektur | L1: wirksam
A2: Gefährdung | B2: MF-S01 | D2: Unzureichende Schachtbeleuchtung Faktor: Gefährdung durch Arbeitsumgebungsbedingungen (unzureichende Beleuchtung) Betroffen: Wartungspersonal Bewertungslogik: Höchste Stufe – alle zutreffenden Regeln zählen, maßgeblich ist die HÖCHSTE STUFE; Maßnahmen aller Treffer werden übernommen. Bewertet, wenn: immer Pflichtfragen: 10.1, 10.1a (wenn [10.1] = Ja), 10.1c (wenn [10.1a] = Nein), 10.1b (wenn [10.1] = Ja) | H2: EN 81-80: Nr. 17 (5.5.10) DIN EN 81-20 5.2.1.4.1 TRBS 3121 Anh. 1 Nr. 8 (Schachtbeleuchtung) | I2: 5 von 5 offen
A3: Regel | B3: MF-S01-R1 | C3: 100 | D3: [10.1 Schachtbeleuchtung vorhanden?] = Nein | E3: Hoch | F3: • Handlampe benutzen [O] | G3: • Geeignete Leuchten nachrüsten [T] | I3: offen | L3: =IF(J3<>"",J3,IF($J$2="Freigeben","Freigeben",""))
A4: Regel | B4: MF-S01-R5 | C4: 100 | D4: [10.1a Schachtbeleuchtung ausreichend (mind. 50 Lux 1 m über dem Fahrkorbdach, mind. 20 Lux im übrigen Schacht)?] = Nein UND [10.1c Falls nicht ausreichend: erfüllt die Schachtbeleuchtung die Anforderungen des Errichtungs-Regelwerks (TRA 200 bzw. DIN EN 81-1/-2)?] = Nein | E4: Mittel | F4: • Handlampe benutzen [O] | G4: • Geeignete Leuchten nachrüsten [T] | H4: [Prüfbericht: B05 – Maßstab 50 lx auf dem Fahrkorbdach; Altnorm-Fall getrennt] | I4: offen – geändert (Rev. 1) | L4: =IF(J4<>"",J4,IF($J$2="Freigeben","Freigeben",""))
A5: Regel | B5: MF-S01-R6 | C5: 100 | D5: [10.1a Schachtbeleuchtung ausreichend (mind. 50 Lux 1 m über dem Fahrkorbdach, mind. 20 Lux im übrigen Schacht)?] = Nein UND [10.1c Falls nicht ausreichend: erfüllt die Schachtbeleuchtung die Anforderungen des Errichtungs-Regelwerks (TRA 200 bzw. DIN EN 81-1/-2)?] = Ja | E5: Niedrig | F5: • Handlampe benutzen [O] | G5: • Geeignete Leuchten nachrüsten [T] | H5: TRBS 3121 Anh. 1 Nr. 8: Risiko niedrig, wenn die Schachtbeleuchtung TRA 200 bzw. EN 81-1/-2 entspricht. [Prüfbericht: B05 – neu] | I5: offen – geändert (Rev. 1) | L5: =IF(J5<>"",J5,IF($J$2="Freigeben","Freigeben",""))
A6: Regel | B6: MF-S01-R3 | C6: 100 | D6: [10.1b Leuchten im Schacht mit Splitterschutz und an geeigneter Stelle?] = Nein | E6: Mittel | F6: • Beschädigte Leuchten sofort ersetzen [T] | G6: • Splitterschutz nachrüsten [T] | H6: [Prüfbericht: H11 – Sofortmaßnahme ergänzt] | I6: offen – geändert (Rev. 2) | L6: =IF(J6<>"",J6,IF($J$2="Freigeben","Freigeben",""))
A7: Regel | B7: MF-S01-R4 | C7: 1 | D7: [10.1 Schachtbeleuchtung vorhanden?] ist beantwortet | E7: Kein Risiko | F7: • Zustand erhalten; bei der wiederkehrenden Prüfung und der Betreiberkontrolle erneut prüfen [O] | H7: Auffangregel (Mechanik): greift, wenn keine Mangelregel zutrifft und alle Pflichtfragen beantwortet sind. | I7: offen (Auffang) | L7: =IF(J7<>"",J7,IF($J$2="Freigeben","Freigeben",""))
A8: Gefährdung | B8: MF-S02 | D8: Unzureichende Beleuchtung an den Schachtzugängen Faktor: Gefährdung durch Arbeitsumgebungsbedingungen (unzureichende Beleuchtung) Betroffen: Nutzer Bewertungslogik: Vorrang – es gilt die zutreffende Regel mit der HÖCHSTEN PRIORITÄT (so wirken Kompensationen); bei gleicher Priorität die höhere Stufe. Bewertet, wenn: immer Pflichtfragen: 10.2 | H8: EN 81-80: Nr. 29 (5.7.5) DIN EN 81-20 5.3.7.1 | I8: 2 von 2 offen
A9: Regel | B9: MF-S02-R1 | C9: 100 | D9: [10.2 Beleuchtung an den Schachtzugängen (Haltestellen) mind. 50 lx?] = Nein | E9: Mittel | F9: • Betreiber auf die Beleuchtung der Haltestellen hinweisen [O] | G9: • Beleuchtung an den Schachtzugängen auf mind. 50 lx (Boden) herstellen [T] | H9: Evidenz: abgeleitet | I9: offen | L9: =IF(J9<>"",J9,IF($J$8="Freigeben","Freigeben",""))
A10: Regel | B10: MF-S02-R2 | C10: 1 | D10: [10.2 Beleuchtung an den Schachtzugängen (Haltestellen) mind. 50 lx?] ist beantwortet | E10: Kein Risiko | F10: • Zustand erhalten; bei der wiederkehrenden Prüfung und der Betreiberkontrolle erneut prüfen [O] | H10: Auffangregel (Mechanik): greift, wenn keine Mangelregel zutrifft und alle Pflichtfragen beantwortet sind. | I10: offen (Auffang) | L10: =IF(J10<>"",J10,IF($J$8="Freigeben","Freigeben",""))
A11: Gefährdung | B11: MF-S03 | D11: Unzureichende Schachtumwehrung oder Schachtwände Faktor: Mechanische Gefährdung durch Absturz in den Schacht Betroffen: Nutzer, Wartungspersonal Bewertungslogik: Höchste Stufe – alle zutreffenden Regeln zählen, maßgeblich ist die HÖCHSTE STUFE; Maßnahmen aller Treffer werden übernommen. Bewertet, wenn: immer Pflichtfragen: 10.3, 10.3a (wenn [10.3] = Nein), 10.4, 10.5 (wenn [4.2] = Ja) | H11: EN 81-80: Nr. 6 (5.5.1.1), Nr. 7 (5.5.1.2), Nr. 33 (5.7.8.2) DIN EN 81-20 5.2.5 DIN EN 81-20 5.2.5.2.3 | I11: 4 von 5 offen
A12: Regel | B12: MF-S03-R1 | C12: 100 | D12: [10.4 Schachtwände ausreichend fest (100 kg auf 0,30 m × 0,30 m, keine Durchbrüche)?] = Nein | E12: Hoch | F12: • Gefahrbereich absperren [O] | G12: • Schachtwände nach DIN EN 81-20, 5.2.5 ertüchtigen [T] | I12: offen | L12: =IF(J12<>"",J12,IF($J$11="Freigeben","Freigeben",""))
A13: Regel | B13: MF-S03-R2 | C13: 100 | D13: [10.3 Schacht vollständig umwehrt (Wände, Decke, Boden)?] = Nein UND [10.3a Teilumwehrung nach EN 81-20 5.2.5.2.3 zulässig ausgeführt (Höhen, Abstände)?] = Nein | E13: Hoch | F13: • Gefahrbereich absperren [O] | G13: • Schachtwände nach DIN EN 81-20, 5.2.5 ertüchtigen [T] | H13: Evidenz: abgeleitet | I13: offen | L13: =IF(J13<>"",J13,IF($J$11="Freigeben","Freigeben",""))
A14: Regel | B14: MF-S03-R3 | C14: 100 | D14: [10.3 Schacht vollständig umwehrt (Wände, Decke, Boden)?] = Nein UND [10.3a Teilumwehrung nach EN 81-20 5.2.5.2.3 zulässig ausgeführt (Höhen, Abstände)?] = Ja | E14: Kein Risiko | H14: Entscheidung 02.09.2026: zulässig ausgeführte Teilumwehrung = kein Risiko. Entschieden 2026-09-02: K-S05. | I14: freigegeben
A15: Regel | B15: MF-S03-R4 | C15: 100 | D15: [10.5 Nachweis Verbundsicherheitsglas für die Schachtverglasung vorhanden?] = Nein | E15: Mittel | F15: • Nachweis beim Betreiber anfordern [O] | G15: • Statischen Nachweis erbringen oder Verglasung ersetzen [T] | I15: offen | L15: =IF(J15<>"",J15,IF($J$11="Freigeben","Freigeben",""))
A16: Regel | B16: MF-S03-R5 | C16: 1 | D16: [10.3 Schacht vollständig umwehrt (Wände, Decke, Boden)?] ist beantwortet | E16: Kein Risiko | F16: • Zustand erhalten; bei der wiederkehrenden Prüfung und der Betreiberkontrolle erneut prüfen [O] | H16: Auffangregel (Mechanik): greift, wenn keine Mangelregel zutrifft und alle Pflichtfragen beantwortet sind. | I16: offen (Auffang) | L16: =IF(J16<>"",J16,IF($J$11="Freigeben","Freigeben",""))
A17: Gefährdung | B17: MF-S04 | D17: Führungsschienen nicht aus Stahl Faktor: Mechanische Gefährdung durch Beschleunigung und Abbremsung (kinetische Energie) Betroffen: Nutzer Bewertungslogik: Vorrang – es gilt die zutreffende Regel mit der HÖCHSTEN PRIORITÄT (so wirken Kompensationen); bei gleicher Priorität die höhere Stufe. Bewertet, wenn: immer Pflichtfragen: 10.6 | H17: EN 81-80: Nr. 55 (5.10.1) DIN EN 81-20 5.7.1 | I17: 2 von 2 offen
A18: Regel | B18: MF-S04-R1 | C18: 100 | D18: [10.6 Führungsschienen für Fahrkorb und Gegengewicht aus Stahl?] = Nein | E18: Mittel | F18: • Zustand der Führungsschienen bei jeder Wartung prüfen [O] | G18: • Bei Modernisierung Führungsschienen aus Stahl nach EN 81-20 5.7 vorsehen [T] | H18: Evidenz: abgeleitet | I18: offen | L18: =IF(J18<>"",J18,IF($J$17="Freigeben","Freigeben",""))
A19: Regel | B19: MF-S04-R2 | C19: 1 | D19: [10.6 Führungsschienen für Fahrkorb und Gegengewicht aus Stahl?] ist beantwortet | E19: Kein Risiko | F19: • Zustand erhalten; bei der wiederkehrenden Prüfung und der Betreiberkontrolle erneut prüfen [O] | H19: Auffangregel (Mechanik): greift, wenn keine Mangelregel zutrifft und alle Pflichtfragen beantwortet sind. | I19: offen (Auffang) | L19: =IF(J19<>"",J19,IF($J$17="Freigeben","Freigeben",""))
A20: Gefährdung | B20: MF-S05 | D20: Fehlende oder ungeprüfte Fangvorrichtung, Geschwindigkeitsbegrenzer oder Schlaffseilsicherung Faktor: Mechanische Gefährdung durch Beschleunigung und Abbremsung (kinetische Energie) Betroffen: Nutzer Bewertungslogik: Höchste Stufe – alle zutreffenden Regeln zählen, maßgeblich ist die HÖCHSTE STUFE; Maßnahmen aller Treffer werden übernommen. Bewertet, wenn: [3.1 Aufzugsart] ist eines von „Seil-/Riemenaufzug (Treibscheibe)" / „Trommel- oder Kettenaufzug" / „Seil-Hydraulikaufzug (indirekt)" Pflichtfragen: 10.7, 10.8, 10.9 (wenn ([10.7] = Ja UND [10.8] = Ja)), 10.10 (wenn [10.8] = Ja), 10.11 (wenn [3.1] = „Trommel- oder Kettenaufzug") | H20: EN 81-80: Nr. 50 (5.9.2), Nr. 51 (5.9.3), Nr. 63 (5.12.5) DIN EN 81-20 5.6.2 DIN EN 81-20 5.6.2.2.1.6 DIN EN 81-20 5.5.5.3 TRBS 3121 Anh. 1 Nr. 16 (UCM und Aufwärts-Übergeschwindigkeit bei Seilaufzügen) | I20: 6 von 6 offen
A21: Regel | B21: MF-S05-R1 | C21: 100 | D21: [10.7 Fangvorrichtung am Fahrkorb vorhanden?] = Nein | E21: Hoch | F21: • Aufzug stilllegen [O] | G21: • Fangvorrichtung nach DIN EN 81-20, 5.6.2 nachrüsten [T] | I21: offen | L21: =IF(J21<>"",J21,IF($J$20="Freigeben","Freigeben",""))
A22: Regel | B22: MF-S05-R2 | C22: 100 | D22: [10.8 Geschwindigkeitsbegrenzer vorhanden?] = Nein | E22: Hoch | F22: • Aufzug stilllegen [O] | G22: • Geschwindigkeitsbegrenzer nachrüsten, der die Fangvorrichtung auslöst (DIN EN 81-20 5.6.2.2.1) [T] | H22: [Prüfbericht: B11 – Maßnahme zielte auf die Fangvorrichtung statt den Begrenzer] | I22: offen – geändert (Rev. 2) | L22: =IF(J22<>"",J22,IF($J$20="Freigeben","Freigeben",""))
A23: Regel | B23: MF-S05-R3 | C23: 100 | D23: [10.11 Schlaffseil-/Schlaffkettensicherung vorhanden?] = Nein | E23: Hoch | F23: • Aufzug stilllegen [O] | G23: • Schlaffseileinrichtung nachrüsten [T] | I23: offen | L23: =IF(J23<>"",J23,IF($J$20="Freigeben","Freigeben",""))
A24: Regel | B24: MF-S05-R4 | C24: 100 | D24: [10.9 Prüfung von Fangvorrichtung und Begrenzer dokumentiert?] = Nein | E24: Mittel | F24: • Prüfnachweis anfordern [O] | G24: • Prüfung durchführen lassen und dokumentieren [O] | I24: offen | L24: =IF(J24<>"",J24,IF($J$20="Freigeben","Freigeben",""))
A25: Regel | B25: MF-S05-R5 | C25: 100 | D25: [10.10 Spanngewicht des Begrenzerseils mit Schlaffseilschalter?] = Nein | E25: Mittel | F25: • Spanngewicht bei Wartung sichtprüfen [O] | G25: • Schlaffseilschalter nachrüsten [T] | I25: offen | L25: =IF(J25<>"",J25,IF($J$20="Freigeben","Freigeben",""))
A26: Regel | B26: MF-S05-R6 | C26: 1 | D26: [10.7 Fangvorrichtung am Fahrkorb vorhanden?] ist beantwortet | E26: Kein Risiko | F26: • Zustand erhalten; bei der wiederkehrenden Prüfung und der Betreiberkontrolle erneut prüfen [O] | H26: Auffangregel (Mechanik): greift, wenn keine Mangelregel zutrifft und alle Pflichtfragen beantwortet sind. | I26: offen (Auffang) | L26: =IF(J26<>"",J26,IF($J$20="Freigeben","Freigeben",""))
A27: Gefährdung | B27: MF-S06 | D27: Aufzugsfremde Einrichtungen im Schacht Faktor: Mechanische Gefährdung durch Stolpern, Rutschen, Stürzen Betroffen: Wartungspersonal Bewertungslogik: Vorrang – es gilt die zutreffende Regel mit der HÖCHSTEN PRIORITÄT (so wirken Kompensationen); bei gleicher Priorität die höhere Stufe. Bewertet, wenn: immer Pflichtfragen: 10.12, 10.12a (wenn [10.12] = Nein), 10.12b (wenn [10.12] = Nein) | H27: EN 81-80: im Bestandskatalog (organisatorisch) DIN EN 81-20 5.2.1.2 | I27: 3 von 4 offen
A28: Regel | B28: MF-S06-R1 | C28: 300 | D28: [10.12b Behindern aufzugsfremde Einrichtungen Arbeiten oder Rettungswege im Schacht?] = Ja | E28: Hoch | F28: • Bereich absperren, Arbeiten nur nach gesonderter Festlegung [O] | G28: • Aufzugsfremde Einrichtungen nach DIN EN 81-20, 5.2.1.2 entfernen [T] | I28: offen | L28: =IF(J28<>"",J28,IF($J$27="Freigeben","Freigeben",""))
A29: Regel | B29: MF-S06-R2 | C29: 200 | D29: [10.12 Schacht frei von aufzugsfremden Einrichtungen?] = Nein UND [10.12a Aufzugsfremde Leitungen fachgerecht verlegt und gekennzeichnet?] = Nein | E29: Hoch | F29: • Bereich absperren, Arbeiten nur nach gesonderter Festlegung [O] | G29: • Aufzugsfremde Einrichtungen nach DIN EN 81-20, 5.2.1.2 entfernen [T] | H29: Evidenz: abgeleitet | I29: offen | L29: =IF(J29<>"",J29,IF($J$27="Freigeben","Freigeben",""))
A30: Regel | B30: MF-S06-R3 | C30: 100 | D30: [10.12 Schacht frei von aufzugsfremden Einrichtungen?] = Nein | E30: Mittel | F30: • Leitungen bei Arbeiten beachten [O] | G30: • Rückbau bei der nächsten Modernisierung vorsehen [T] | H30: Entschieden 2026-09-02: K-S03. | I30: freigegeben
A31: Regel | B31: MF-S06-R4 | C31: 1 | D31: [10.12 Schacht frei von aufzugsfremden Einrichtungen?] ist beantwortet | E31: Kein Risiko | F31: • Zustand erhalten; bei der wiederkehrenden Prüfung und der Betreiberkontrolle erneut prüfen [O] | H31: Auffangregel (Mechanik): greift, wenn keine Mangelregel zutrifft und alle Pflichtfragen beantwortet sind. | I31: offen (Auffang) | L31: =IF(J31<>"",J31,IF($J$27="Freigeben","Freigeben",""))
A32: Gefährdung | B32: MF-S07 | D32: Zugänge zum Schacht und zugehörige Schalteinrichtungen nicht frei und sicher begehbar Faktor: Mechanische Gefährdung durch Stolpern, Rutschen, Stürzen Betroffen: Beauftragte Person, Wartungspersonal Bewertungslogik: Vorrang – es gilt die zutreffende Regel mit der HÖCHSTEN PRIORITÄT (so wirken Kompensationen); bei gleicher Priorität die höhere Stufe. Bewertet, wenn: immer Pflichtfragen: 10.13, 10.13a | H32: EN 81-80: Nr. 8 (5.5.2) DIN EN 81-20 5.2.2.1 | I32: 3 von 3 offen
A33: Regel | B33: MF-S07-R3 | C33: 200 | D33: [10.13a Elektrische Sicherheitseinrichtungen der Schacht- und Inspektionstüren vorhanden und wirksam (Türkontakt im Sicherheitskreis)?] = Nein | E33: Hoch | F33: • Anlage stilllegen, bis die Sicherheitseinrichtung der Schacht-/Inspektionstür wieder wirkt [O] | G33: • Türkontakt im Sicherheitskreis instand setzen bzw. nachrüsten und Wirkung prüfen (DIN EN 81-20 5.3.9.1) [O] | H33: Prüfbericht 20.09.2026: aus 10.13 herausgelöst – unwirksamer Türkontakt ist ein technischer Mangel am Sicherheitskreis, nicht ein zugestellter Verkehrsweg. | I33: offen | L33: =IF(J33<>"",J33,IF($J$32="Freigeben","Freigeben",""))
A34: Regel | B34: MF-S07-R1 | C34: 100 | D34: [10.13 Zugänge zum Schacht (Schachttüren, Inspektionstüren) frei und sicher erreichbar (nicht zugestellt, nicht verbaut)?] = Nein | E34: Mittel | F34: • Zugänge freiräumen, Hindernisse entfernen, Betreiber informieren [O] | G34: • Freihaltung der Schachtzugänge und Schalteinrichtungen in der Betriebsanweisung festlegen und bei Betreiberkontrollen prüfen [O] | H34: Blaupause Schindler M107 (f021 = Nein -> Hoch, DIRECT). Prüfbericht 20.09.2026: Hoch auf Mittel – ein zugestellter Zugang wird vor der Arbeit beseitigt; Hoch bleibt dem unwirksamen Sicherheitsschalter (10.13a) vorbehalten. Evidenz: abgeleitet | I34: offen | L34: =IF(J34<>"",J34,IF($J$32="Freigeben","Freigeben",""))
A35: Regel | B35: MF-S07-R2 | C35: 1 | D35: [10.13 Zugänge zum Schacht (Schachttüren, Inspektionstüren) frei und sicher erreichbar (nicht zugestellt, nicht verbaut)?] ist beantwortet | E35: Kein Risiko | F35: • Zustand erhalten; bei der wiederkehrenden Prüfung und der Betreiberkontrolle erneut prüfen [O] | H35: Auffangregel (Mechanik): greift, wenn keine Mangelregel zutrifft und alle Pflichtfragen beantwortet sind. | I35: offen (Auffang) | L35: =IF(J35<>"",J35,IF($J$32="Freigeben","Freigeben",""))

Sheet G Schachtgrube
A1: Art | B1: Code | C1: Prio | D1: Gefährdung / Bedingung | E1: Stufe | F1: Sofortmaßnahme | G1: Mittelfristige Maßnahme | H1: Hinweis / Quelle | I1: Status | J1: Entscheidung | K1: Korrektur | L1: wirksam
A2: Gefährdung | B2: MF-G01 | D2: Unzureichende Beleuchtung in der Schachtgrube Faktor: Gefährdung durch Arbeitsumgebungsbedingungen (unzureichende Beleuchtung) Betroffen: Wartungspersonal Bewertungslogik: Höchste Stufe – alle zutreffenden Regeln zählen, maßgeblich ist die HÖCHSTE STUFE; Maßnahmen aller Treffer werden übernommen. Bewertet, wenn: immer Pflichtfragen: 11.2, 11.2a (wenn [11.2] = Ja) | H2: EN 81-80: Nr. 17 (5.5.10) DIN EN 81-20 5.2.1.4.1 TRBS 3121 Anh. 1 Nr. 8 (Schachtbeleuchtung) | I2: 3 von 3 offen
A3: Regel | B3: MF-G01-R1 | C3: 100 | D3: [11.2 Beleuchtung in der Schachtgrube vorhanden?] = Nein | E3: Hoch | F3: • Handlampe benutzen [O] | G3: • Geeignete Leuchten nachrüsten [T] | I3: offen | L3: =IF(J3<>"",J3,IF($J$2="Freigeben","Freigeben",""))
A4: Regel | B4: MF-G01-R2 | C4: 100 | D4: [11.2a Grubenbeleuchtung ausreichend (mind. 50 Lux), Leuchten geeignet angeordnet?] = Nein | E4: Mittel | F4: • Handlampe benutzen [O] | G4: • Leuchten versetzen [T] | I4: offen | L4: =IF(J4<>"",J4,IF($J$2="Freigeben","Freigeben",""))
A5: Regel | B5: MF-G01-R3 | C5: 1 | D5: [11.2 Beleuchtung in der Schachtgrube vorhanden?] ist beantwortet | E5: Kein Risiko | F5: • Zustand erhalten; bei der wiederkehrenden Prüfung und der Betreiberkontrolle erneut prüfen [O] | H5: Auffangregel (Mechanik): greift, wenn keine Mangelregel zutrifft und alle Pflichtfragen beantwortet sind. | I5: offen (Auffang) | L5: =IF(J5<>"",J5,IF($J$2="Freigeben","Freigeben",""))
A6: Gefährdung | B6: MF-G02 | D6: Unzureichender Schutzraum in der Schachtgrube Faktor: Mechanische Gefährdung durch Quetschen zwischen Fahrkorb und Schacht Betroffen: Wartungspersonal Bewertungslogik: Vorrang – es gilt die zutreffende Regel mit der HÖCHSTEN PRIORITÄT (so wirken Kompensationen); bei gleicher Priorität die höhere Stufe. Bewertet, wenn: immer Pflichtfragen: 11.3 | H6: EN 81-80: Nr. 14 (5.5.7) DIN EN 81-20 5.2.5.8 TRBS 3121 Anh. 1 Nr. 5 (Schutzräume in Grube und Schachtkopf) | I6: 2 von 4 offen
A7: Regel | B7: MF-G02-R1 | C7: 100 | D7: [11.3 Schutzraum in der Schachtgrube] = „Schutzraum nicht gegeben" | E7: Hoch | F7: • Schachtgrube nicht betreten, Anlage stilllegen [O] | G7: • Fahrbegrenzung nachrüsten oder Schutzraum herstellen [T] | I7: offen | L7: =IF(J7<>"",J7,IF($J$6="Freigeben","Freigeben",""))
A8: Regel | B8: MF-G02-R2 | C8: 100 | D8: [11.3 Schutzraum in der Schachtgrube] = „Schutzraum nach TRA 200 / EN 81-1/-2 (kleiner als EN 81-20)" | E8: Niedrig | F8: • Zustand dokumentieren, Beschäftigte über den reduzierten Schutzraum unterweisen [O] | G8: • Bei Modernisierung Schutzräume nach EN 81-20 herstellen oder Schutzeinrichtung für temporären Schutzraum vorsehen [T] | H8: TRBS 3121 Anh. 1 Nr. 5: Risiko niedrig bei Schutzräumen nach TRA 200 oder EN 81-1/-2. Entschieden 2026-09-02: K-F05. Evidenz: abgeleitet | I8: freigegeben
A9: Regel | B9: MF-G02-R3 | C9: 100 | D9: [11.3 Schutzraum in der Schachtgrube] = „Reduzierte Grube mit wirksamer Zusatzeinrichtung und Kennzeichnung" | E9: Kein Risiko | H9: Entscheidung 02.09.2026: reduzierte Grube mit wirksamer Zusatzeinrichtung = kein Risiko. Entschieden 2026-09-02: K-F03. | I9: freigegeben
A10: Regel | B10: MF-G02-R4 | C10: 1 | D10: [11.3 Schutzraum in der Schachtgrube] ist beantwortet | E10: Kein Risiko | F10: • Zustand erhalten; bei der wiederkehrenden Prüfung und der Betreiberkontrolle erneut prüfen [O] | H10: Auffangregel (Mechanik): greift, wenn keine Mangelregel zutrifft und alle Pflichtfragen beantwortet sind. | I10: offen (Auffang) | L10: =IF(J10<>"",J10,IF($J$6="Freigeben","Freigeben",""))
A11: Gefährdung | B11: MF-G03 | D11: Fehlender Not-Halt oder fehlende Inspektionssteuerung in der Schachtgrube Faktor: Gefährdung durch unbeabsichtigtes Betätigen von Befehlsgebern Betroffen: Wartungspersonal Bewertungslogik: Höchste Stufe – alle zutreffenden Regeln zählen, maßgeblich ist die HÖCHSTE STUFE; Maßnahmen aller Treffer werden übernommen. Bewertet, wenn: immer Pflichtfragen: 11.4, 11.4a (wenn [11.4] = Ja), 11.4b (wenn ([11.4] = Ja UND [11.1] = Ja)), 11.5 | H11: EN 81-80: Nr. 16 (5.5.9) DIN EN 81-20 5.2.1.5.1 DIN EN 81-20 5.12.1.5.1.1 TRBS 3121 Anh. 1 Nr. 7 (Stoppeinrichtungen in Grube und Rollenraum) | I11: 5 von 5 offen
A12: Regel | B12: MF-G03-R1 | C12: 100 | D12: [11.4 Notbremsschalter in der Schachtgrube vorhanden?] = Nein | E12: Hoch | F12: • Grube nur nach Freischalten und Sichern der Anlage betreten [O] | G12: • Notbremsschalter nachrüsten [T] | I12: offen | L12: =IF(J12<>"",J12,IF($J$11="Freigeben","Freigeben",""))
A13: Regel | B13: MF-G03-R2 | C13: 100 | D13: [11.5 Inspektionssteuerung in der Schachtgrube vorhanden?] = Nein | E13: Mittel | F13: • Keine Alleinarbeit in der Schachtgrube [O] | G13: • Inspektionssteuerung nach DIN EN 81-20, 5.12.1.5 nachrüsten [T] | H13: Entschieden 2026-09-02: K-S01. [Freigabe bezog sich auf einen früheren Stand (Regel, abhängige Fragen oder Gefährdungslogik geändert) – neu prüfen] | I13: offen – geändert (Rev. 2) | L13: =IF(J13<>"",J13,IF($J$11="Freigeben","Freigeben",""))
A14: Regel | B14: MF-G03-R3 | C14: 100 | D14: [11.4a Notbremsschalter von der Schachttür aus erreichbar?] = Nein | E14: Mittel | F14: • Vor dem Abstieg die Anlage stilllegen [O] | G14: • Zusätzlichen, von außen erreichbaren Notbremsschalter nachrüsten [T] | I14: offen | L14: =IF(J14<>"",J14,IF($J$11="Freigeben","Freigeben",""))
A15: Regel | B15: MF-G03-R4 | C15: 100 | D15: [11.4b Bei Grubentiefe über 1,60 m: zweiter Notbremsschalter am Grubenboden vorhanden?] = Nein | E15: Mittel | F15: • Abstieg nur nach Stilllegen der Anlage [O] | G15: • Zweiten Notbremsschalter nach DIN EN 81-20, 5.4.8 nachrüsten [T] | I15: offen | L15: =IF(J15<>"",J15,IF($J$11="Freigeben","Freigeben",""))
A16: Regel | B16: MF-G03-R5 | C16: 1 | D16: [11.4 Notbremsschalter in der Schachtgrube vorhanden?] ist beantwortet | E16: Kein Risiko | F16: • Zustand erhalten; bei der wiederkehrenden Prüfung und der Betreiberkontrolle erneut prüfen [O] | H16: Auffangregel (Mechanik): greift, wenn keine Mangelregel zutrifft und alle Pflichtfragen beantwortet sind. | I16: offen (Auffang) | L16: =IF(J16<>"",J16,IF($J$11="Freigeben","Freigeben",""))
A17: Gefährdung | B17: MF-G04 | D17: Unsicherer Zugang zur Schachtgrube (Leiter, Grubenzugangstür) Faktor: Mechanische Gefährdung durch Absturz Betroffen: Wartungspersonal, Beauftragte Person Bewertungslogik: Höchste Stufe – alle zutreffenden Regeln zählen, maßgeblich ist die HÖCHSTE STUFE; Maßnahmen aller Treffer werden übernommen. Bewertet, wenn: immer Pflichtfragen: 11.7, 11.6 (wenn [11.7] = Nein), 11.7a (wenn [11.7] = Ja) | H17: EN 81-80: Nr. 8 (5.5.2), Nr. 15 (5.5.8) DIN EN 81-20 5.2.2.4 DIN EN 81-20 5.2.3.3 TRBS 3121 Anh. 1 Nr. 6 (Zugang zur Schachtgrube) | I17: 7 von 7 offen
A18: Regel | B18: MF-G04-R7 | C18: 100 | D18: [11.7 Zugang zur Grube über eine separate Grubenzugangstür (ebenerdig, ohne Abstieg über eine Leiter)?] = Nein UND [11.6 Grubenleiter] = „Keine Grubenleiter" | E18: Hoch | F18: • Ohne Leiter kein Einstieg! Eigene Leiter verwenden [O] | G18: • Schachtgrubenleiter nachrüsten [T] | H18: [Prüfbericht: Prüfbericht 16.09.2026 – Leiter nur bewertet, wenn der Zugang über eine Leiter erfolgt] | I18: offen – geändert (Rev. 1) | L18: =IF(J18<>"",J18,IF($J$17="Freigeben","Freigeben",""))
A19: Regel | B19: MF-G04-R2 | C19: 100 | D19: [11.7a Elektrische Sicherheitseinrichtung an der Grubenzugangstür?] = Nein | E19: Hoch | F19: • Grubenzugangstür verschlossen halten, Zutritt nur mit Freischaltung der Anlage [O] | G19: • Elektrische Sicherheitseinrichtung (Türkontakt im Sicherheitskreis) an der Grubenzugangstür nachrüsten [T] | H19: Blaupause Schindler M008 (f069 = Ja, f070 = Nein -> Hoch, DIRECT). Evidenz: abgeleitet | I19: offen | L19: =IF(J19<>"",J19,IF($J$17="Freigeben","Freigeben",""))
A20: Regel | B20: MF-G04-R12 | C20: 100 | D20: [11.7 Zugang zur Grube über eine separate Grubenzugangstür (ebenerdig, ohne Abstieg über eine Leiter)?] = Nein UND [11.6 Grubenleiter] = „Mobile Leiter im Schacht deponiert" | E20: Niedrig | F20: • Mobile Leiter vor jedem Abstieg auf Eignung, Unversehrtheit und sicheren Stand prüfen; Not-Halt vorher betätigen [O] | G20: • Fest installierte Grubenleiter nach DIN EN 81-20 5.2.2.4 nachrüsten [T] | H20: Prüfbericht 20.09.2026: Die Option blieb ohne Regel und damit ohne Stufe. Eine im Schacht deponierte mobile Leiter ist verfügbar, aber keine fest angebrachte Steigeinrichtung (TRBS 3121 Anh. 1 Nr. 6). Evidenz: abgeleitet | I20: offen | L20: =IF(J20<>"",J20,IF($J$17="Freigeben","Freigeben",""))
A21: Regel | B21: MF-G04-R8 | C21: 100 | D21: [11.7 Zugang zur Grube über eine separate Grubenzugangstür (ebenerdig, ohne Abstieg über eine Leiter)?] = Nein UND [11.6 Grubenleiter] = „Grubenleiter vorhanden, aber schwer erreichbar" | E21: Mittel | F21: • Not-Halt vor dem Abstieg betätigen; Grube nur mit Dreipunktkontakt über die Leiter betreten [O] | G21: • Umbau Schachtgrubenleiter [T] | H21: [Prüfbericht: Prüfbericht 16.09.2026 – nur bei Zugang über Leiter] | I21: offen – geändert (Rev. 1) | L21: =IF(J21<>"",J21,IF($J$17="Freigeben","Freigeben",""))
A22: Regel | B22: MF-G04-R9 | C22: 100 | D22: [11.7 Zugang zur Grube über eine separate Grubenzugangstür (ebenerdig, ohne Abstieg über eine Leiter)?] = Nein UND [11.6 Grubenleiter] = „Leiter beim Kunden deponiert" | E22: Mittel | F22: • Auf Eignung, Unversehrtheit, Vollständigkeit achten [O] | G22: • Schachtgrubenleiter nachrüsten [T] | H22: [Prüfbericht: Prüfbericht 16.09.2026 – nur bei Zugang über Leiter] | I22: offen – geändert (Rev. 1) | L22: =IF(J22<>"",J22,IF($J$17="Freigeben","Freigeben",""))
A23: Regel | B23: MF-G04-R10 | C23: 100 | D23: [11.7 Zugang zur Grube über eine separate Grubenzugangstür (ebenerdig, ohne Abstieg über eine Leiter)?] = Nein UND [11.6 Grubenleiter] = „Leiter wird im Kundendienstfahrzeug mitgeführt" | E23: Hoch | F23: • Leiter aus dem Fahrzeug holen [O] | G23: • Schachtgrubenleiter nachrüsten [T] | H23: [Prüfbericht: Prüfbericht 16.09.2026 – nur bei Zugang über Leiter] Frühere Klärung (vor der Änderung entschieden): K-S02 | I23: offen – geändert (Rev. 1) | L23: =IF(J23<>"",J23,IF($J$17="Freigeben","Freigeben",""))
A24: Regel | B24: MF-G04-R11 | C24: 1 | D24: [11.7 Zugang zur Grube über eine separate Grubenzugangstür (ebenerdig, ohne Abstieg über eine Leiter)?] ist beantwortet | E24: Kein Risiko | F24: • Zustand erhalten; bei der wiederkehrenden Prüfung und der Betreiberkontrolle erneut prüfen [O] | H24: Auffangregel (Mechanik): greift, wenn keine Mangelregel zutrifft und alle Pflichtfragen beantwortet sind. | I24: offen (Auffang) | L24: =IF(J24<>"",J24,IF($J$17="Freigeben","Freigeben",""))
A25: Gefährdung | B25: MF-G05 | D25: Keine Selbstbefreiung aus der Schachtgrube und kein Notruf in der Grube Faktor: Sonstige Gefährdung durch fehlende oder unzureichende Notfallorganisation Betroffen: Wartungspersonal Bewertungslogik: Vorrang – es gilt die zutreffende Regel mit der HÖCHSTEN PRIORITÄT (so wirken Kompensationen); bei gleicher Priorität die höhere Stufe. Bewertet, wenn: immer Pflichtfragen: 11.8, 11.9 | H25: EN 81-80: Nr. 18 (5.5.11) DIN EN 81-20 5.3.9.3.5 DIN EN 81-20 5.12.3.2 | I25: 4 von 4 offen
A26: Regel | B26: MF-G05-R1 | C26: 300 | D26: [11.8 Selbstbefreiung aus der Grube über die Schachttür möglich (Verschluss innerhalb 1,80 m Höhe / 0,80 m horizontal)?] = Nein UND [11.9 Notrufeinrichtung in der Schachtgrube vorhanden?] = Nein | E26: Hoch | F26: • Grube nur zu zweit betreten, an- und abmelden, Mobilfunkempfang prüfen [O] | G26: • Notrufeinrichtung in der Schachtgrube nachrüsten oder Selbstbefreiung ermöglichen [T] | I26: offen | L26: =IF(J26<>"",J26,IF($J$25="Freigeben","Freigeben",""))
A27: Regel | B27: MF-G05-R2 | C27: 200 | D27: [11.8 Selbstbefreiung aus der Grube über die Schachttür möglich (Verschluss innerhalb 1,80 m Höhe / 0,80 m horizontal)?] = Nein | E27: Mittel | F27: • Vor dem Abstieg an- und abmelden [O] | G27: • Zugang zur Schachttür verbessern [T] | I27: offen | L27: =IF(J27<>"",J27,IF($J$25="Freigeben","Freigeben",""))
A28: Regel | B28: MF-G05-R3 | C28: 100 | D28: [11.9 Notrufeinrichtung in der Schachtgrube vorhanden?] = Nein | E28: Mittel | F28: • Schachteinschluss verhindern durch alternative Maßnahme (z.B. Mobilfunk, Funk, 2. Person) [O] | G28: • Notrufsystem FK-Dach und Schachtgrube nachrüsten [T] | I28: offen | L28: =IF(J28<>"",J28,IF($J$25="Freigeben","Freigeben",""))
A29: Regel | B29: MF-G05-R4 | C29: 1 | D29: [11.8 Selbstbefreiung aus der Grube über die Schachttür möglich (Verschluss innerhalb 1,80 m Höhe / 0,80 m horizontal)?] ist beantwortet | E29: Kein Risiko | F29: • Zustand erhalten; bei der wiederkehrenden Prüfung und der Betreiberkontrolle erneut prüfen [O] | H29: Auffangregel (Mechanik): greift, wenn keine Mangelregel zutrifft und alle Pflichtfragen beantwortet sind. | I29: offen (Auffang) | L29: =IF(J29<>"",J29,IF($J$25="Freigeben","Freigeben",""))
A30: Gefährdung | B30: MF-G06 | D30: Fehlende, beschädigte oder ungeeignete Puffer Faktor: Mechanische Gefährdung durch Stoß (fehlende Endbegrenzung, Aufprall) Betroffen: Nutzer, Wartungspersonal Bewertungslogik: Höchste Stufe – alle zutreffenden Regeln zählen, maßgeblich ist die HÖCHSTE STUFE; Maßnahmen aller Treffer werden übernommen. Bewertet, wenn: immer Pflichtfragen: 11.10, 11.10a (wenn [11.10] = Ja), 11.10b (wenn [11.10] = Ja), 11.10c (wenn [11.10b] = „Energieverzehrend (hydraulisch)"), 3.1a | H30: EN 81-80: Nr. 56 (5.10.2) DIN EN 81-20 5.8.1.1 DIN EN 81-20 5.8.2.1 TRBS 3121 Anh. 1 Nr. 18 (Puffer in den Endlagen) | I30: 4 von 5 offen
A31: Regel | B31: MF-G06-R1 | C31: 100 | D31: [11.10 Puffer für Fahrkorb und Gegengewicht vorhanden?] = Nein | E31: Hoch | F31: • Aufzug stilllegen [O] | G31: • Puffer nach DIN EN 81-20, 5.8.1 ersetzen [T] | I31: offen | L31: =IF(J31<>"",J31,IF($J$30="Freigeben","Freigeben",""))
A32: Regel | B32: MF-G06-R2 | C32: 100 | D32: [11.10a Puffer unbeschädigt und nicht verschlissen?] = Nein | E32: Hoch | F32: • Aufzug stilllegen [O] | G32: • Puffer nach DIN EN 81-20, 5.8.1 ersetzen [T] | I32: offen | L32: =IF(J32<>"",J32,IF($J$30="Freigeben","Freigeben",""))
A33: Regel | B33: MF-G06-R3 | C33: 100 | D33: [11.10b Bauart der Puffer] = „Energiespeichernd (Feder / Polyurethan)" UND [3.1a Nenngeschwindigkeit [m/s]] > 1,0 | E33: Hoch | F33: • Puffertyp und Nenngeschwindigkeit durch die ZÜS bewerten lassen [O] | G33: • Energieverzehrende Puffer nachrüsten [T] | H33: Entschieden 2026-09-02: K-S04. | I33: freigegeben
A34: Regel | B34: MF-G06-R4 | C34: 100 | D34: [11.10c Ölstand hydraulischer Puffer prüfbar und Kennzeichnung vorhanden?] = Nein | E34: Mittel | F34: • Zustand sichtprüfen [O] | G34: • Prüfmöglichkeit und Kennzeichnung herstellen [T] | I34: offen | L34: =IF(J34<>"",J34,IF($J$30="Freigeben","Freigeben",""))
A35: Regel | B35: MF-G06-R5 | C35: 1 | D35: [11.10 Puffer für Fahrkorb und Gegengewicht vorhanden?] ist beantwortet | E35: Kein Risiko | F35: • Zustand erhalten; bei der wiederkehrenden Prüfung und der Betreiberkontrolle erneut prüfen [O] | H35: Auffangregel (Mechanik): greift, wenn keine Mangelregel zutrifft und alle Pflichtfragen beantwortet sind. | I35: offen (Auffang) | L35: =IF(J35<>"",J35,IF($J$30="Freigeben","Freigeben",""))
A36: Gefährdung | B36: MF-G07 | D36: Fehlende oder unzulängliche Abtrennung und Sicherung des Gegengewichts Faktor: Mechanische Gefährdung durch bewegte Teile (Quetschen, Scheren, Einziehen) Betroffen: Wartungspersonal Bewertungslogik: Höchste Stufe – alle zutreffenden Regeln zählen, maßgeblich ist die HÖCHSTE STUFE; Maßnahmen aller Treffer werden übernommen. Bewertet, wenn: ([3.1 Aufzugsart] ist eines von „Seil-/Riemenaufzug (Treibscheibe)" / „Trommel- oder Kettenaufzug" / „Seil-Hydraulikaufzug (indirekt)" UND [3.1b Gegengewicht oder Ausgleichsgewicht vorhanden?] = Ja) Pflichtfragen: 11.11, 11.12, 11.13 (wenn [4.8a] = Ja) | H36: EN 81-80: Nr. 10 (5.5.4), Nr. 11 (5.5.5) DIN EN 81-20 5.2.5.5.1 DIN EN 81-20 5.2.5.5.2 TRBS 3121 Anh. 1 Nr. 2 (Gegen- und Ausgleichsgewichtsumwehrung) | I36: 5 von 5 offen
A37: Regel | B37: MF-G07-R1 | C37: 100 | D37: [11.11 Abtrennung der Gegengewichtsfahrbahn in der Grube] = „Keine Abtrennung" | E37: Hoch | F37: • Grube nicht betreten oder Anlage vorher stilllegen [O] | G37: • Abtrennung der Gegengewichtsfahrbahn von höchstens 0,30 m bis mindestens 2,0 m über der Schachtgrubensohle in der Breite des Gegengewichts herstellen [T] | H37: [Prüfbericht: B03 – Maß nach TRBS 3121 Anh. 1 Nr. 2 (2,0 m über Grubensohle); 2,50 m über unterster Haltestelle gilt für Nachbaraufzüge (Nr. 3)] | I37: offen – geändert (Rev. 3) | L37: =IF(J37<>"",J37,IF($J$36="Freigeben","Freigeben",""))
A38: Regel | B38: MF-G07-R2 | C38: 100 | D38: [11.12 Gegengewichtsfüllung gegen Herausfallen gesichert (Rahmen)?] = Nein | E38: Hoch | F38: • Bereich unter dem Gegengewicht sperren [O] | G38: • Füllung sichern oder geschlossenen Rahmen nachrüsten [T] | I38: offen | L38: =IF(J38<>"",J38,IF($J$36="Freigeben","Freigeben",""))
A39: Regel | B39: MF-G07-R3 | C39: 100 | D39: [11.13 Fangvorrichtung am Gegengewicht (oder durchgehendes Fundament) bei betretbarem Raum unter der Grube?] = Nein | E39: Hoch | F39: • Raum unterhalb des Schachtes sperren [O] | G39: • Fangvorrichtung am Gegengewicht nachrüsten oder Raum dauerhaft unzugänglich machen [T] | I39: offen | L39: =IF(J39<>"",J39,IF($J$36="Freigeben","Freigeben",""))
A40: Regel | B40: MF-G07-R4 | C40: 100 | D40: [11.11 Abtrennung der Gegengewichtsfahrbahn in der Grube] = „Vorhanden, aber zu niedrig oder grobmaschig" | E40: Mittel | F40: • Warnhinweis mit Kennzeichnung der Gefahrenstelle anbringen; sichere Position einnehmen [O] | G40: • Abtrennung nach DIN EN 81-20, 5.2.5.5.2 ertüchtigen [T] | H40: [Prüfbericht: B03 – organisatorische Maßnahme nach TRBS 3121 Anh. 1 Nr. 2] | I40: offen – geändert (Rev. 3) | L40: =IF(J40<>"",J40,IF($J$36="Freigeben","Freigeben",""))
